intent,lang,label,text
price_tour,it,7,"Quanto costa il tour della piantagione?"
price_tour,it,7,"Ciao, vorrei sapere il prezzo per persona per la passeggiata tra le piante di caffè."
price_tour,it,7,"C'è uno sconto per i bambini?"
price_tour,it,7,"Il percorso è adatto a una famiglia con due bambini piccoli?"
price_tour,it,7,"Offrite un pacchetto famiglia?"
price_tour,it,7,"Quanto dura la camminata e quanto costa?"
price_tour,it,7,"Siamo in quattro, quanto viene il prezzo totale?"
price_tour,it,7,"Per gli studenti c'è una tariffa ridotta?"
price_tour,it,7,"Il prezzo include la degustazione di caffè?"
price_tour,it,7,"Vorrei prenotare un tour per domani, quanto costa a testa?"
price_tour,it,7,"Ciao, vorrei sapere se è caro il biglietto per la visita alla fattoria."
price_tour,it,7,"Quanto si paga per partecipare alla raccolta del caffè?"
price_tour,it,7,"C'è un prezzo speciale per gruppi numerosi?"
price_tour,it,7,"Il costo del tour è lo stesso per adulti e bambini?"
price_tour,it,7,"Potete dirmi il prezzo del tour guidato in italiano?"
price_tour,pt,7,"Quanto custa o tour da fazenda?"
price_tour,pt,7,"Olá, qual é o preço por pessoa para a caminhada pelo cafezal?"
price_tour,pt,7,"Tem desconto para crianças?"
price_tour,pt,7,"O percurso é adequado para uma família com duas crianças pequenas?"
price_tour,pt,7,"Vocês oferecem pacote família?"
price_tour,pt,7,"Quanto tempo dura a caminhada e qual é o preço?"
price_tour,pt,7,"Somos quatro, quanto fica o total?"
price_tour,pt,7,"Para estudantes tem tarifa reduzida?"
price_tour,pt,7,"O preço inclui a degustação de café?"
price_tour,pt,7,"Quero reservar um tour para amanhã, quanto custa por pessoa?"
price_tour,pt,7,"Oi, queria saber se é caro o ingresso para visitar a fazenda."
price_tour,pt,7,"Quanto se paga para participar da colheita do café?"
price_tour,pt,7,"Tem preço especial para grupos grandes?"
price_tour,pt,7,"O custo do tour é o mesmo para adultos e crianças?"
price_tour,pt,7,"Podem me dizer o preço do tour guiado em português?"
price_tour,fr,7,"c'est combien la visite de la ferme"
price_tour,fr,7,"salut, on peut visiter cet après-midi pour une dégustation de café"
price_tour,fr,7,"bonjour, pourriez-vous me donner le tarif de la visite guidée de la plantation pour deux adultes et trois enfants ? les enfants ont 6 et 9 ans"
price_tour,fr,7,"quel est le prix par personne pour la balade dans les plantations de café"
price_tour,fr,7,"est-ce que vous avez un tarif spécial pour les étudiants"
price_tour,fr,7,"je suis un passionné de café, est-ce que vous proposez des sessions de dégustation de différentes torréfactions lors de la visite"
price_tour,fr,7,"c'est combien le tour pour un groupe de 10 personnes"
price_tour,fr,7,"on est une famille avec des enfants, est-ce que le chemin est facile pour eux et est-ce que c'est sûr"
price_tour,fr,7,"vous offrez des réductions pour les groupes"
price_tour,fr,7,"le prix du tour inclut-il le déjeuner ou une collation"
price_tour,fr,7,"hey, combien ça coûte pour un tour rapide"
price_tour,fr,7,"je voudrais savoir si vous avez un package famille avec un tarif réduit"
price_tour,fr,7,"est-ce que le prix de la visite est le même en haute saison"
price_tour,fr,7,"on peut payer sur place ou il faut réserver en ligne"
price_tour,fr,7,"c'est abordable pour un backpacker"
price_tour,de,7,"was kostet die Führung auf der Kaffeeplantage"
price_tour,de,7,"hi, können wir heute Nachmittag vorbeikommen für eine Kaffee-Verkostung"
price_tour,de,7,"guten Tag, könnten Sie mir bitte den Preis für die Führung durch die Kaffeeplantage für zwei Erwachsene und zwei Kinder nennen? Die Kinder sind 8 und 11 Jahre alt"
price_tour,de,7,"wie viel kostet der Rundgang pro Person"
price_tour,de,7,"gibt es einen Studentenrabatt für die Tour"
price_tour,de,7,"ich bin Kaffee-Liebhaber, bietet ihr auch eine Verkostung verschiedener Röstungen an"
price_tour,de,7,"was kostet die Tour für eine Gruppe von 12 Personen"
price_tour,de,7,"wir sind eine Familie mit Kindern, ist der Weg für sie leicht zu gehen und sicher"
price_tour,de,7,"habt ihr einen Familienpreis"
price_tour,de,7,"ist das Mittagessen im Tourpreis inbegriffen"
price_tour,de,7,"hey, wie teuer ist eine kurze Besichtigung"
price_tour,de,7,"könnt ihr mir den Preis für das Familienpaket nennen"
price_tour,de,7,"sind die Preise im Sommer anders"
price_tour,de,7,"kann man vor Ort bezahlen oder muss man online buchen"
price_tour,de,7,"ist das günstig für Rucksacktouristen"
price_tour,en,7,"How much does the farm tour cost?"
price_tour,en,7,"What's the price for the coffee walk per person?"
price_tour,en,7,"Do you have student discounts for the tour?"
price_tour,en,7,"We're a family of five, is there a family package?"
price_tour,en,7,"Can kids get a cheaper ticket for the coffee trail?"
price_tour,en,7,"Hi, I'd like to know the ticket prices for the tour this weekend."
price_tour,en,7,"Is there a reduced rate for children under 12?"
price_tour,en,7,"How much for a group of 10, any special rate?"
price_tour,en,7,"What does the tour fee include, does it cover a coffee tasting?"
price_tour,en,7,"I'm a student, do you offer a discount with an ID?"
price_tour,en,7,"Are there any combo deals for the tour and lunch?"
price_tour,en,7,"Can you tell me the cost for a private tour for my family?"
price_tour,en,7,"We have two seniors, is there a senior discount?"
price_tour,en,7,"What are the rates for the guided tour vs self-guided?"
price_tour,en,7,"How much does it cost to visit the farm and do the cupping session?"
price_tour,es,7,"¿Cuánto cuesta el tour de la finca?"
price_tour,es,7,"¿Cuál es el precio por persona para la caminata del café?"
price_tour,es,7,"¿Tienen descuento para estudiantes?"
price_tour,es,7,"Somos una familia de cinco, ¿hay algún paquete familiar?"
price_tour,es,7,"¿Los niños pagan menos por el recorrido?"
price_tour,es,7,"Hola, me gustaría saber los precios de las entradas para el tour este fin de semana."
price_tour,es,7,"¿Hay tarifa reducida para niños menores de 12?"
price_tour,es,7,"¿Cuánto cuesta para un grupo de 10, tienen tarifa especial?"
price_tour,es,7,"¿El precio del tour incluye una cata de café?"
price_tour,es,7,"Soy estudiante, ¿me dan descuento con el carné?"
price_tour,es,7,"¿Ofrecen algún combo del tour con almuerzo?"
price_tour,es,7,"¿Cuánto cuesta un tour privado para mi familia?"
price_tour,es,7,"¿Hay descuento para personas mayores?"
price_tour,es,7,"¿Cuáles son las tarifas para el tour guiado y el autoguiado?"
price_tour,es,7,"¿Cuánto cuesta visitar la finca y hacer la sesión de cata?"
price_tour,nl,7,"Hoe duur is de rondleiding?"
price_tour,nl,7,"Wat kost een ticket voor de koffieplantage?"
price_tour,nl,7,"Is er korting voor studenten?"
price_tour,nl,7,"We zijn met twee kinderen, kunnen zij mee op het koffiepad?"
price_tour,nl,7,"Hoeveel betaal ik per persoon voor de wandeling?"
price_tour,nl,7,"Is de wandeling te doen voor ouderen?"
price_tour,nl,7,"Zijn er familiekortingen voor de rondleiding?"
price_tour,nl,7,"Kunnen we alleen de prijs van de tour weten?"
price_tour,nl,7,"Is er een gereduceerd tarief voor kinderen onder de twaalf?"
price_tour,nl,7,"Hoeveel kost de koffieproeverij met rondleiding?"
price_tour,nl,7,"Is de toegang gratis voor kinderen?"
price_tour,nl,7,"Wat is de prijs voor een groep van tien personen?"
price_tour,nl,7,"Ik ben student, kan ik korting krijgen op de tour?"
price_tour,nl,7,"Zijn er speciale tarieven voor gezinnen met drie kinderen?"
price_tour,nl,7,"Kan je me de prijslijst sturen?"
price_tour,hi,7,"टूर की कीमत क्या है?"
price_tour,hi,7,"कॉफ़ी फ़ार्म की सैर का टिकट कितने का है?"
price_tour,hi,7,"क्या छात्रों के लिए छूट है?"
price_tour,hi,7,"हमारे साथ दो बच्चे हैं, क्या वे कॉफ़ी ट्रेल पर चल सकते हैं?"
price_tour,hi,7,"प्रति व्यक्ति किराया कितना है?"
price_tour,hi,7,"बुज़ुर्गों के लिए यह चढ़ाई आसान है?"
price_tour,hi,7,"परिवार के लिए कोई पैकेज है?"
price_tour,hi,7,"टूर की पूरी कीमत क्या होगी?"
price_tour,hi,7,"बच्चों के लिए क्या कोई रियायत है?"
price_tour,hi,7,"कॉफ़ी चखने के साथ टूर का खर्चा क्या है?"
price_tour,hi,7,"क्या टूर मुफ्त है बच्चों के लिए?"
price_tour,hi,7,"दस लोगों के ग्रुप के लिए किराया बताएं"
price_tour,hi,7,"मैं छात्र हूँ, क्या मुझे टूर पर छूट मिल सकती है?"
price_tour,hi,7,"तीन बच्चों वाले परिवार के लिए कोई खास दर है?"
price_tour,hi,7,"कीमतों की सूची भेज दीजिए"
price_produce,en,6,"how much for a kilo of roasted beans"
price_produce,en,6,"can we buy green coffee direct from you"
price_produce,en,6,"do you sell honey from the farm"
price_produce,en,6,"what's the price for organic beans"
price_produce,en,6,"is the maize fresh and how much per sack"
price_produce,en,6,"we'd like to order 5 kilos of roasted coffee for our trip"
price_produce,en,6,"Do you offer discounts for bulk purchases of parchment coffee?"
price_produce,en,6,"my family wants to buy some forest honey, what sizes do you have"
price_produce,en,6,"as a coffee lover, I'm curious about your single-origin arabica, do you sell it green?"
price_produce,en,6,"hi can we get a quote for 10kg of roasted beans to take home"
price_produce,en,6,"what's the price of your highland honey in small jars"
price_produce,en,6,"are the organic beans available year round and how much"
price_produce,en,6,"we're a group of 8, can we buy maize in bulk at a farm price?"
price_produce,en,6,"do you ship roasted coffee or is it pickup only"
price_produce,en,6,"can I pay by card when buying produce at the farm"
price_produce,es,6,"¿cuánto cuesta el kilo de café tostado?"
price_produce,es,6,"¿venden café verde directamente de la finca?"
price_produce,es,6,"¿tienen miel del bosque y a qué precio?"
price_produce,es,6,"¿cuánto vale el saco de maíz?"
price_produce,es,6,"¿precio de los frijoles orgánicos por libra?"
price_produce,es,6,"quisiera comprar cinco kilos de café tostado para llevar"
price_produce,es,6,"¿hacen descuento si compro varios kilos de café pergamino?"
price_produce,es,6,"mi familia quiere miel de la finca, ¿en qué tamaños la venden?"
price_produce,es,6,"soy un amante del café, ¿venden su arábica de origen en verde?"
price_produce,es,6,"hola, ¿me pueden dar un presupuesto para diez kilos de café tostado?"
price_produce,es,6,"¿a cómo está la miel en frascos pequeños?"
price_produce,es,6,"¿los frijoles orgánicos están disponibles todo el año y cuánto cuestan?"
price_produce,es,6,"somos un grupo de ocho, ¿podemos comprar maíz al por mayor a precio de finca?"
price_produce,es,6,"¿hacen envíos de café tostado o solo se recoge en la finca?"
price_produce,es,6,"¿aceptan tarjeta para comprar productos de la finca?"
price_produce,fr,6,"Bonjour, c'est combien le kilo de café torréfié ?"
price_produce,fr,6,"Est-ce qu'on peut acheter du miel de la forêt directement à la ferme ?"
price_produce,fr,6,"Salut, vous vendez des grains verts ?"
price_produce,fr,6,"Bonjour, nous sommes une famille avec deux enfants, est-ce que le sentier du café est accessible pour eux ?"
price_produce,fr,6,"Bonjour, je suis très intéressé par votre arabica de spécialité, est-ce que vous proposez des séances de dégustation ?"
price_produce,fr,6,"C'est combien pour un sac de haricots bio ?"
price_produce,fr,6,"Bonjour, est-ce que vous vendez du maïs en gros ?"
price_produce,fr,6,"Salut, c'est possible d'acheter du café moulu ?"
price_produce,fr,6,"Je voudrais savoir si vous avez du café de la dernière récolte, et quel est le prix par kilo s'il vous plaît ?"
price_produce,fr,6,"Bonjour, pour un groupe de dix personnes, est-ce qu'on peut acheter du café vert en vrac à un prix réduit ?"
price_produce,fr,6,"Est-ce que le miel est pur et combien coûte un pot ?"
price_produce,fr,6,"Bonjour, je voudrais acheter des grains de café non torréfiés pour les emporter, combien ça coûte ?"
price_produce,fr,6,"Bonjour, est-ce que vous vendez des petits sachets de café pour les randonneurs ?"
price_produce,fr,6,"C'est combien pour un kilo de haricots secs ?"
price_produce,fr,6,"Je suis un passionné de café, est-ce que je peux acheter des échantillons de différentes origines ?"
price_produce,de,6,"Hallo, was kostet ein Kilo gerösteter Kaffee?"
price_produce,de,6,"Kann man den Honig direkt auf dem Hof kaufen?"
price_produce,de,6,"Hi, verkauft ihr auch ungeröstete Bohnen?"
price_produce,de,6,"Guten Tag, wir haben zwei Kinder, ist der Kaffeeweg für sie geeignet?"
price_produce,de,6,"Hallo, ich bin sehr an Ihrer Single-Origin Arabica interessiert, bieten Sie Verkostungen an?"
price_produce,de,6,"Was kostet ein Sack Bio-Bohnen?"
price_produce,de,6,"Guten Tag, verkaufen Sie auch Mais in größeren Mengen?"
price_produce,de,6,"Hi, kann ich gemahlenen Kaffee kaufen?"
price_produce,de,6,"Ich würde gerne wissen, ob Sie Kaffee von der letzten Ernte haben und was der Kilopreis ist, bitte."
price_produce,de,6,"Hallo, für eine Gruppe von zehn Personen, können wir grünen Kaffee in großen Mengen zu einem reduzierten Preis kaufen?"
price_produce,de,6,"Ist der Honig rein und was kostet ein Glas?"
price_produce,de,6,"Guten Tag, ich möchte gerne ungeröstete Kaffeebohnen zum Mitnehmen kaufen, was kostet das?"
price_produce,de,6,"Hallo, gibt es kleine Tüten Kaffee für Wanderer?"
price_produce,de,6,"Was kostet ein Kilo getrocknete Bohnen?"
price_produce,de,6,"Ich bin ein Kaffeeliebhaber, kann ich Proben von verschiedenen Herkünften kaufen?"
price_produce,it,6,"quanto costa il caffè tostato?"
price_produce,it,6,"posso comprare dei chicchi verdi da portare a casa?"
price_produce,it,6,"c'è miele della foresta in vendita?"
price_produce,it,6,"quanto vendete il mais?"
price_produce,it,6,"vorrei comprare 2 kg di caffè in grani, quanto viene?"
price_produce,it,6,"si può pagare con la carta?"
price_produce,it,6,"abbiamo due bambini, possiamo visitare la piantagione e comprare qualcosa?"
price_produce,it,6,"mio padre ha difficoltà a camminare, possiamo comprare il caffè senza fare il sentiero?"
price_produce,it,6,"è possibile acquistare caffè speciality di origine unica?"
price_produce,it,6,"che varietà di arabica vendete e a che prezzo?"
price_produce,it,6,"vorrei ordinare 5 kg di caffè tostato per la mia torrefazione, fate prezzi all'ingrosso?"
price_produce,it,6,"il miele è biologico e quanto costa al barattolo?"
price_produce,it,6,"quanto costa il caffè in grani e quello macinato?"
price_produce,it,6,"si può assaggiare prima di comprare?"
price_produce,it,6,"vorrei sapere se vendete fagioli organici e a che prezzo"
price_produce,pt,6,"quanto custa o café torrado?"
price_produce,pt,6,"posso comprar grãos verdes para levar?"
price_produce,pt,6,"vocês vendem mel da floresta?"
price_produce,pt,6,"quanto é o milho?"
price_produce,pt,6,"quero comprar 2 kg de café em grão, quanto fica?"
price_produce,pt,6,"aceitam cartão?"
price_produce,pt,6,"temos duas crianças, podemos visitar a fazenda e comprar alguma coisa?"
price_produce,pt,6,"meu pai tem dificuldade para andar, podemos comprar café sem fazer a trilha?"
price_produce,pt,6,"dá para comprar café especial de origem única?"
price_produce,pt,6,"que variedade de arábica vocês vendem e a que preço?"
price_produce,pt,6,"quero encomendar 5 kg de café torrado para minha torrefação, vocês dão preço de atacado?"
price_produce,pt,6,"o mel é orgânico e quanto custa o pote?"
price_produce,pt,6,"quanto custa o café em grão e o moído?"
price_produce,pt,6,"dá para provar antes de comprar?"
price_produce,pt,6,"gostaria de saber se vendem feijão orgânico e a que preço"
price_produce,nl,6,"Hoeveel kost een kilo van jullie eigen gebrande koffiebonen?"
price_produce,nl,6,"Kunnen we ook groene koffiebonen kopen om thuis zelf te branden?"
price_produce,nl,6,"Is er honing van het hoogland te koop? En wat kost dat?"
price_produce,nl,6,"Ik ben op zoek naar biologische bonen, verkopen jullie die ook?"
price_produce,nl,6,"Wat is de prijs voor een zak maïs van de boerderij?"
price_produce,nl,6,"We zouden graag wat koffiebonen meenemen als souvenir, wat zijn de prijzen?"
price_produce,nl,6,"Kunnen we verse koffiebonen bestellen voor de rest van onze reis?"
price_produce,nl,6,"Is het mogelijk om een kleine hoeveelheid groene koffiebonen te kopen?"
price_produce,nl,6,"Hoeveel kost jullie speciale single-origin arabica?"
price_produce,nl,6,"Ik wil graag weten wat de prijs is voor een kilo honing van het bos."
price_produce,nl,6,"Voor een familie van vier, hoeveel zou het kosten om wat koffie en honing te kopen?"
price_produce,nl,6,"Kunnen we ook maïs en bonen in bulk kopen voor een goede prijs?"
price_produce,nl,6,"Zijn er kortingen als we meerdere producten tegelijk kopen?"
price_produce,nl,6,"Wat kost een pak van jullie huisgeroosterde koffie?"
price_produce,nl,6,"Ik hoorde dat jullie biologische producten verkopen, wat zijn de actuele prijzen?"
price_produce,hi,6,"आपकी भुनी हुई कॉफी बीन्स का एक किलो कितना है?"
price_produce,hi,6,"क्या हम हरे कॉफी बीन्स भी खरीद सकते हैं?"
price_produce,hi,6,"क्या आपके पास जंगली शहद है? क्या दाम है?"
price_produce,hi,6,"मुझे ऑर्गेनिक बीन्स चाहिए, क्या मिलेंगी?"
price_produce,hi,6,"एक बोरी मकई का दाम क्या है?"
price_produce,hi,6,"हमें थोड़ी कॉफी बीन्स चाहिए, क्या रेट है?"
price_produce,hi,6,"क्या हम अपने साथ ले जाने के लिए कॉफी बीन्स खरीद सकते हैं?"
price_produce,hi,6,"क्या आप थोड़ी मात्रा में हरी कॉफी बीन्स बेचते हैं?"
price_produce,hi,6,"आपकी सिंगल ओरिजिन अरेबिका कॉफी की कीमत क्या है?"
price_produce,hi,6,"एक किलो शहद का भाव बताइए।"
price_produce,hi,6,"हम चार लोग हैं, थोड़ी कॉफी और शहद खरीदना चाहते हैं, कितना लगेगा?"
price_produce,hi,6,"क्या हम थोक में मकई और बीन्स खरीद सकते हैं?"
price_produce,hi,6,"क्या एक साथ कई चीजें खरीदने पर छूट मिलती है?"
price_produce,hi,6,"आपकी घर की भुनी कॉफी का पैकेट कितने का है?"
price_produce,hi,6,"मुझे पता चला आपके पास ऑर्गेनिक चीजें मिलती हैं, कीमतें क्या हैं?"
visitation_hours,en,9,"what time do you open"
visitation_hours,en,9,"are you open on sundays"
visitation_hours,en,9,"when does the farm close"
visitation_hours,en,9,"what are your hours during harvest season"
visitation_hours,en,9,"do you have holiday visiting hours"
visitation_hours,en,9,"can we visit at 5pm or is that too late"
visitation_hours,en,9,"hi can we come by this afternoon for a quick tour what time is the last entry"
visitation_hours,en,9,"we're a family of four with two small kids can we visit after lunch and how long does the trail take"
visitation_hours,en,9,"as a coffee enthusiast i want to know if you open earlier during the harvest months for the morning picking sessions"
visitation_hours,en,9,"what are the opening times for the washing mill tour on weekdays"
visitation_hours,en,9,"are you open on christmas day"
visitation_hours,en,9,"do you close for lunch"
visitation_hours,en,9,"what's the best time of day to visit to see the coffee processing"
visitation_hours,en,9,"can you tell me the exact hours for the farm shop and tasting room"
visitation_hours,en,9,"is the farm open year round or only during harvest season"
visitation_hours,es,9,"¿a qué hora abren?"
visitation_hours,es,9,"¿están abiertos los domingos?"
visitation_hours,es,9,"¿cuándo cierran la finca?"
visitation_hours,es,9,"¿cuáles son sus horarios en temporada de cosecha?"
visitation_hours,es,9,"¿tienen horarios especiales para días festivos?"
visitation_hours,es,9,"¿podemos visitar a las 5 de la tarde o es muy tarde?"
visitation_hours,es,9,"hola podemos pasar esta tarde para un tour rápido ¿cuál es la última entrada"
visitation_hours,es,9,"somos una familia de cuatro con dos niños pequeños ¿podemos visitar después del almuerzo y cuánto dura el sendero"
visitation_hours,es,9,"como entusiasta del café quiero saber si abren más temprano durante los meses de cosecha para las sesiones de recogida de la mañana"
visitation_hours,es,9,"¿cuáles son los horarios de apertura del tour del molino de lavado entre semana?"
visitation_hours,es,9,"¿abren el día de navidad?"
visitation_hours,es,9,"¿cierran para almorzar?"
visitation_hours,es,9,"¿cuál es la mejor hora del día para visitar y ver el procesamiento del café?"
visitation_hours,es,9,"¿me pueden decir los horarios exactos de la tienda y la sala de cata?"
visitation_hours,es,9,"¿la finca está abierta todo el año o solo en temporada de cosecha?"
visitation_hours,fr,9,"Vous ouvrez à quelle heure ?"
visitation_hours,fr,9,"C'est ouvert le dimanche ?"
visitation_hours,fr,9,"Quels sont les horaires pour visiter la ferme ?"
visitation_hours,fr,9,"On peut passer dans l'après-midi, vers 15h ?"
visitation_hours,fr,9,"Est-ce que c'est ouvert pendant les vacances de Noël ?"
visitation_hours,fr,9,"Quels jours êtes-vous ouverts ?"
visitation_hours,fr,9,"À quelle heure fermez-vous le soir ?"
visitation_hours,fr,9,"On peut visiter le moulin à café samedi matin ?"
visitation_hours,fr,9,"Est-ce que la visite est possible à midi ?"
visitation_hours,fr,9,"Je voudrais savoir vos horaires d'ouverture pour la semaine prochaine."
visitation_hours,fr,9,"Vous êtes ouverts toute l'année ou seulement pendant la récolte ?"
visitation_hours,fr,9,"Est-ce qu'il y a des visites spéciales pendant la saison de la récolte ?"
visitation_hours,fr,9,"On aimerait venir avec des enfants, c'est ouvert le mercredi après-midi ?"
visitation_hours,fr,9,"Pouvez-vous me dire si la ferme est accessible en soirée ?"
visitation_hours,fr,9,"Quels sont les horaires pour la dégustation de café ?"
visitation_hours,de,9,"Wann öffnet ihr?"
visitation_hours,de,9,"Habt ihr sonntags geöffnet?"
visitation_hours,de,9,"Wie sind die Öffnungszeiten?"
visitation_hours,de,9,"Können wir nachmittags vorbeikommen?"
visitation_hours,de,9,"Habt ihr an Feiertagen geöffnet?"
visitation_hours,de,9,"An welchen Tagen habt ihr auf?"
visitation_hours,de,9,"Bis wann habt ihr abends geöffnet?"
visitation_hours,de,9,"Kann man die Mühle samstags besichtigen?"
visitation_hours,de,9,"Ist eine Führung mittags möglich?"
visitation_hours,de,9,"Ich würde gerne die Öffnungszeiten für nächste Woche wissen."
visitation_hours,de,9,"Habt ihr das ganze Jahr geöffnet oder nur zur Erntezeit?"
visitation_hours,de,9,"Gibt es spezielle Führungen während der Erntesaison?"
visitation_hours,de,9,"Wir haben zwei Kinder, könnt ihr uns am Mittwochnachmittag empfangen?"
visitation_hours,de,9,"Sind Besuche am Abend möglich?"
visitation_hours,de,9,"Wann findet die Kaffeeverkostung statt?"
tour_duration_difficulty,en,8,"how long is the tour"
tour_duration_difficulty,en,8,"is the hike steep"
tour_duration_difficulty,en,8,"can kids do the coffee trail"
tour_duration_difficulty,en,8,"we have two children, can they walk the coffee trail?"
tour_duration_difficulty,en,8,"is there a shorter walk for seniors?"
tour_duration_difficulty,en,8,"what's the difficulty level of the trail"
tour_duration_difficulty,en,8,"do you offer cupping sessions of different roasts?"
tour_duration_difficulty,en,8,"hi can we visit this afternoon for coffee tasting"
tour_duration_difficulty,en,8,"how many hours does the full tour take"
tour_duration_difficulty,en,8,"are there rest stops along the way"
tour_duration_difficulty,en,8,"my dad is 70, is it too challenging for him"
tour_duration_difficulty,en,8,"what's the elevation gain on the trail"
tour_duration_difficulty,en,8,"we're a group of six, can we book a private tour with a moderate pace?"
tour_duration_difficulty,en,8,"is the path wheelchair accessible"
tour_duration_difficulty,en,8,"do you have a gentle walk for the kids and then a more intense one for us?"
tour_duration_difficulty,es,8,"¿cuánto dura el tour?"
tour_duration_difficulty,es,8,"¿la caminata es empinada?"
tour_duration_difficulty,es,8,"¿pueden los niños hacer el sendero del café?"
tour_duration_difficulty,es,8,"tenemos dos niños, ¿pueden caminar el sendero del café?"
tour_duration_difficulty,es,8,"¿hay una caminata más corta para personas mayores?"
tour_duration_difficulty,es,8,"¿cuál es el nivel de dificultad del sendero?"
tour_duration_difficulty,es,8,"¿ofrecen sesiones de catación de diferentes tuestes?"
tour_duration_difficulty,es,8,"hola podemos visitar esta tarde para degustar café"
tour_duration_difficulty,es,8,"¿cuántas horas dura el tour completo?"
tour_duration_difficulty,es,8,"¿hay paradas de descanso en el camino?"
tour_duration_difficulty,es,8,"mi papá tiene 70 años, ¿es demasiado exigente para él?"
tour_duration_difficulty,es,8,"¿cuál es el desnivel del sendero?"
tour_duration_difficulty,es,8,"somos un grupo de seis, ¿podemos reservar un tour privado a un ritmo moderado?"
tour_duration_difficulty,es,8,"¿el camino es accesible en silla de ruedas?"
tour_duration_difficulty,es,8,"¿tienen una caminata suave para los niños y luego una más intensa para nosotros?"
visitation_hours,it,9,"A che ora aprite?"
visitation_hours,it,9,"Quando siete aperti?"
visitation_hours,it,9,"È aperto la domenica?"
visitation_hours,it,9,"A che ora chiudete il pomeriggio?"
visitation_hours,it,9,"Siamo una famiglia con due bambini, possiamo visitare la fattoria nel pomeriggio?"
visitation_hours,it,9,"Vorrei sapere gli orari di apertura durante la settimana, per favore."
visitation_hours,it,9,"Quali sono gli orari di visita per il periodo della raccolta?"
visitation_hours,it,9,"Avete orari speciali durante le feste?"
visitation_hours,it,9,"Siamo un gruppo di amici appassionati di caffè, possiamo fare una visita guidata alle 8 di mattina?"
visitation_hours,it,9,"È possibile visitare la fattoria la mattina presto per vedere la raccolta?"
visitation_hours,it,9,"aprite anche nei giorni festivi"
visitation_hours,it,9,"quando siete aperti per la torrefazione"
visitation_hours,it,9,"Ho sentito che durante la stagione del raccolto ci sono orari prolungati, è vero?"
visitation_hours,it,9,"Vorremmo prenotare una visita per domani, a che ora possiamo venire?"
visitation_hours,it,9,"Che orari fate per la degustazione di caffè?"
visitation_hours,pt,9,"Que horas vocês abrem?"
visitation_hours,pt,9,"Estão abertos no domingo?"
visitation_hours,pt,9,"A que horas fecham à tarde?"
visitation_hours,pt,9,"Qual é o horário de visita?"
visitation_hours,pt,9,"Temos duas crianças, podem caminhar na trilha do café?"
visitation_hours,pt,9,"Podemos visitar a fazenda no sábado?"
visitation_hours,pt,9,"Vocês têm horários especiais durante a colheita?"
visitation_hours,pt,9,"Estamos abertos durante o feriado?"
visitation_hours,pt,9,"Gostaria de saber os horários de funcionamento durante a semana."
visitation_hours,pt,9,"É possível visitar a fazenda às 7 da manhã?"
visitation_hours,pt,9,"abrem cedo para ver a colheita"
visitation_hours,pt,9,"qual é o horário da degustação de café"
visitation_hours,pt,9,"Vocês abrem no Natal?"
visitation_hours,pt,9,"Podemos levar nossos avós, eles têm dificuldade para andar, há algum horário mais tranquilo?"
visitation_hours,pt,9,"Quero comprar grãos de café, a loja abre que horas?"
visitation_hours,nl,9,"Hoe laat zijn jullie open?"
visitation_hours,nl,9,"Zijn jullie ook in het weekend geopend?"
visitation_hours,nl,9,"Tot hoe laat kan ik de koffieplantage bezoeken?"
visitation_hours,nl,9,"Is de boerderij open op feestdagen?"
visitation_hours,nl,9,"We komen met twee kinderen en mijn moeder (67). Kunnen zij gemakkelijk over het terrein lopen? Is er een plat pad naar de koffiebar?"
visitation_hours,nl,9,"Kunnen we op zondagmiddag langskomen voor een rondleiding? We zijn met z'n vieren, dus misschien moeten we reserveren?"
visitation_hours,nl,9,"Wat zijn de openingstijden tijdens de oogsttijd? Ik wil graag zien hoe de koffie wordt geplukt."
visitation_hours,nl,9,"Zijn jullie in december open? We willen graag een bezoek brengen tijdens de kerstvakantie."
visitation_hours,nl,9,"Hoi, is het mogelijk om vanmiddag rond drie uur langs te komen voor een koffieproeverij?"
visitation_hours,nl,9,"Ik ben een koffieliefhebber en wil graag weten of ik tijdens het oogstseizoen een cupping kan bijwonen. Wanneer is de oogst en hoe laat beginnen jullie?"
visitation_hours,nl,9,"Hebben jullie speciale openingstijden voor groepen? We zijn met een schoolklas van 20 kinderen."
visitation_hours,nl,9,"Kan ik morgenochtend vroeg langskomen voordat de drukte begint?"
visitation_hours,nl,9,"Hoe laat sluiten jullie in het weekend?"
visitation_hours,nl,9,"Is de boerderij geopend op eerste kerstdag?"
visitation_hours,nl,9,"Ik wil graag weten of jullie open zijn tijdens de oogst in oktober, want ik wil de koffieverwerking zien. En beginnen jullie dan vroeger?"
visitation_hours,hi,9,"आप कितने बजे खुलते हैं?"
visitation_hours,hi,9,"क्या आप रविवार को खुले रहते हैं?"
visitation_hours,hi,9,"कॉफ़ी बाग़ान कब तक खुला रहता है?"
visitation_hours,hi,9,"क्या छुट्टियों में भी खुला रहता है?"
visitation_hours,hi,9,"हम दो बच्चों और मेरी माँ (67 साल) के साथ आ रहे हैं। क्या वे आराम से घूम सकते हैं? क्या कोई समतल रास्ता है कैफे तक?"
visitation_hours,hi,9,"क्या हम रविवार दोपहर को आ सकते हैं? हम चार लोग हैं, क्या रिज़र्वेशन ज़रूरी है?"
visitation_hours,hi,9,"कटाई के मौसम में क्या समय रहता है? मैं देखना चाहता हूँ कि कॉफ़ी कैसे तोड़ी जाती है।"
visitation_hours,hi,9,"क्या दिसंबर में खुले रहते हैं? हम क्रिसमस की छुट्टियों में आना चाहते हैं।"
visitation_hours,hi,9,"नमस्ते, क्या आज दोपहर तीन बजे आ सकते हैं कॉफ़ी टेस्टिंग के लिए?"
visitation_hours,hi,9,"मैं कॉफ़ी का शौकीन हूँ। क्या कटाई के मौसम में कपिंग सेशन होता है? कटाई कब होती है और कितने बजे शुरू होता है?"
visitation_hours,hi,9,"क्या समूहों के लिए अलग समय है? हम 20 बच्चों के साथ स्कूल से आ रहे हैं।"
visitation_hours,hi,9,"क्या मैं कल सुबह जल्दी आ सकता हूँ, भीड़ से पहले?"
visitation_hours,hi,9,"वीकेंड पर कितने बजे बंद होता है?"
visitation_hours,hi,9,"क्या क्रिसमस के दिन खुला रहता है?"
visitation_hours,hi,9,"मैं जानना चाहता हूँ कि अक्टूबर की कटाई के दौरान खुले रहते हैं या नहीं, क्योंकि मैं प्रोसेसिंग देखना चाहता हूँ। और क्या उस दौरान जल्दी खुलते हैं?"
tour_duration_difficulty,it,8,"il sentiero è ripido?"
tour_duration_difficulty,it,8,"quanto dura il tour?"
tour_duration_difficulty,it,8,"è adatto per bambini di 6 anni?"
tour_duration_difficulty,it,8,"mia madre ha 70 anni, può camminare fino alla piantagione?"
tour_duration_difficulty,it,8,"vorrei prenotare un tour per domani, abbiamo due bambini e mio padre anziano, c'è un percorso facile?"
tour_duration_difficulty,it,8,"siamo in quattro, quanto tempo ci vuole per la visita completa?"
tour_duration_difficulty,it,8,"ci sono molte salite? non siamo allenati"
tour_duration_difficulty,it,8,"il percorso è sterrato o asfaltato?"
tour_duration_difficulty,it,8,"quanto è ripida la collina?"
tour_duration_difficulty,it,8,"offrite una sessione di cupping con diverse tostature?"
tour_duration_difficulty,it,8,"vorrei assaggiare il vostro arabica single origin, è possibile?"
tour_duration_difficulty,it,8,"quali sono i mesi di raccolta?"
tour_duration_difficulty,it,8,"posso comprare i chicchi direttamente dalla fattoria?"
tour_duration_difficulty,it,8,"ciao vorremmo visitare oggi pomeriggio per una degustazione di caffè"
tour_duration_difficulty,it,8,"il tour è accessibile per persone con difficoltà motorie?"
tour_duration_difficulty,pt,8,"a trilha é íngreme?"
tour_duration_difficulty,pt,8,"quanto tempo dura o tour?"
tour_duration_difficulty,pt,8,"é adequado para crianças de 6 anos?"
tour_duration_difficulty,pt,8,"minha mãe tem 70 anos, ela consegue andar até a plantação?"
tour_duration_difficulty,pt,8,"gostaria de reservar um tour para amanhã, temos duas crianças e meu pai idoso, há um percurso fácil?"
tour_duration_difficulty,pt,8,"somos quatro, quanto tempo leva a visita completa?"
tour_duration_difficulty,pt,8,"tem muitas subidas? não estamos em forma"
tour_duration_difficulty,pt,8,"o percurso é de terra ou asfaltado?"
tour_duration_difficulty,pt,8,"quão íngreme é a colina?"
tour_duration_difficulty,pt,8,"vocês oferecem uma sessão de cupping com diferentes torras?"
tour_duration_difficulty,pt,8,"quero provar o seu arabica single origin, é possível?"
tour_duration_difficulty,pt,8,"quais são os meses de colheita?"
tour_duration_difficulty,pt,8,"posso comprar os grãos diretamente da fazenda?"
tour_duration_difficulty,pt,8,"oi gostaríamos de visitar esta tarde para uma degustação de café"
tour_duration_difficulty,pt,8,"o tour é acessível para pessoas com mobilidade reduzida?"
tour_duration_difficulty,fr,8,"La randonnée est-elle très raide ?"
tour_duration_difficulty,fr,8,"Combien de temps dure la visite ?"
tour_duration_difficulty,fr,8,"On a deux enfants, est-ce qu'ils peuvent marcher sur le sentier du café ?"
tour_duration_difficulty,fr,8,"Est-ce que la pente est difficile pour les personnes âgées ?"
tour_duration_difficulty,fr,8,"C'est combien de kilomètres de marche au total ?"
tour_duration_difficulty,fr,8,"Est-ce que la visite est adaptée aux personnes à mobilité réduite ?"
tour_duration_difficulty,fr,8,"On est un groupe de 10 avec des ados, est-ce trop dur pour eux ?"
tour_duration_difficulty,fr,8,"Je voudrais savoir si le sentier est bien ombragé et pas trop fatigant."
tour_duration_difficulty,fr,8,"Est-ce que vous proposez des dégustations de café avec différents profils de torréfaction ?"
tour_duration_difficulty,fr,8,"Quels sont les mois de récolte pour votre arabica de spécialité ?"
tour_duration_difficulty,fr,8,"Est-ce qu'on peut visiter le moulin à laver et voir le processus de lavage ?"
tour_duration_difficulty,fr,8,"Est-ce qu'il y a des pauses avec des rafraîchissements pendant la visite ?"
tour_duration_difficulty,fr,8,"La montée est-elle très pentue ? On a un enfant de 4 ans."
tour_duration_difficulty,fr,8,"Peut-on faire la visite en moins de deux heures ?"
tour_duration_difficulty,fr,8,"Est-ce que le sentier est praticable après la pluie ?"
tour_duration_difficulty,de,8,"Ist der Wanderweg sehr steil?"
tour_duration_difficulty,de,8,"Wie lange dauert die Tour?"
tour_duration_difficulty,de,8,"Wir haben zwei Kinder, können sie den Kaffeelehrpfad laufen?"
tour_duration_difficulty,de,8,"Ist der Anstieg für ältere Leute machbar?"
tour_duration_difficulty,de,8,"Wie viele Kilometer müssen wir insgesamt gehen?"
tour_duration_difficulty,de,8,"Ist die Tour für Menschen mit Gehbehinderung geeignet?"
tour_duration_difficulty,de,8,"Wir sind eine Gruppe mit Teenagern, ist das zu anstrengend?"
tour_duration_difficulty,de,8,"Ich möchte wissen, ob der Weg schattig und nicht zu anstrengend ist."
tour_duration_difficulty,de,8,"Bieten Sie Verkostungen von verschiedenen Röstungen an?"
tour_duration_difficulty,de,8,"Wann ist die Erntezeit für Ihren Single-Origin Arabica?"
tour_duration_difficulty,de,8,"Können wir die Waschstation besichtigen und den Waschprozess sehen?"
tour_duration_difficulty,de,8,"Gibt es Pausen mit Erfrischungen während der Tour?"
tour_duration_difficulty,de,8,"Ist der Aufstieg sehr steil? Wir haben ein vierjähriges Kind."
tour_duration_difficulty,de,8,"Kann man die Tour in weniger als zwei Stunden machen?"
tour_duration_difficulty,de,8,"Ist der Weg nach Regen begehbar?"
farm_location_directions,en,3,"how do I get to the farm from the district town?"
farm_location_directions,en,3,"is the road up to the farm steep?"
farm_location_directions,en,3,"do I need a 4x4 to drive up there?"
farm_location_directions,en,3,"can I take a bus from town to the farm?"
farm_location_directions,en,3,"where can I park when I arrive?"
farm_location_directions,en,3,"we have two kids, can they walk the coffee trail?"
farm_location_directions,en,3,"is the walking distance from the parking lot suitable for elderly?"
farm_location_directions,en,3,"are there any steep sections on the path to the farm?"
farm_location_directions,en,3,"is the farm accessible by public transport?"
farm_location_directions,en,3,"what are the road conditions like in the rainy season?"
farm_location_directions,en,3,"do you offer cupping sessions of different roasts?"
farm_location_directions,en,3,"I'm keen on single origin arabica, can I visit the washing mill?"
farm_location_directions,en,3,"is there a place to leave our car safely while we tour?"
farm_location_directions,en,3,"hi can we visit this afternoon for coffee tasting"
farm_location_directions,en,3,"we're a group of 10, can you give us directions from the main road?"
farm_location_directions,es,3,"¿cómo llego a la finca desde el pueblo?"
farm_location_directions,es,3,"¿la carretera es empinada?"
farm_location_directions,es,3,"¿necesito un 4x4 para subir?"
farm_location_directions,es,3,"¿puedo tomar un bus desde el pueblo?"
farm_location_directions,es,3,"¿dónde puedo estacionar?"
farm_location_directions,es,3,"tenemos dos niños, ¿pueden caminar por el sendero del café?"
farm_location_directions,es,3,"¿la caminata desde el estacionamiento es apta para personas mayores?"
farm_location_directions,es,3,"¿hay partes muy empinadas en el camino a la finca?"
farm_location_directions,es,3,"¿se puede llegar en transporte público?"
farm_location_directions,es,3,"¿cómo están las carreteras en temporada de lluvias?"
farm_location_directions,es,3,"¿ofrecen sesiones de cata de diferentes tuestes?"
farm_location_directions,es,3,"me interesa el café arábica de origen, ¿puedo visitar el molino?"
farm_location_directions,es,3,"¿hay un lugar seguro para dejar el coche durante el recorrido?"
farm_location_directions,es,3,"hola podemos visitar esta tarde para degustar café"
farm_location_directions,es,3,"somos un grupo de 10, ¿nos pueden dar indicaciones desde la carretera principal?"
tour_duration_difficulty,nl,8,"Hoe lang duurt de rondleiding?"
tour_duration_difficulty,nl,8,"Is de wandeling steil?"
tour_duration_difficulty,nl,8,"Kan ik met kinderen de koffietour doen?"
tour_duration_difficulty,nl,8,"Mijn ouders zijn 70, is het pad begaanbaar voor hen?"
tour_duration_difficulty,nl,8,"Hoeveel uur wandelen is het precies?"
tour_duration_difficulty,nl,8,"We hebben twee kinderen van 6 en 9, kunnen zij het hele traject aan?"
tour_duration_difficulty,nl,8,"Is er een rustpunt onderweg of een plek om te zitten?"
tour_duration_difficulty,nl,8,"Ik ben niet zo fit, is de heuvel erg zwaar?"
tour_duration_difficulty,nl,8,"Wat is de moeilijkheidsgraad van de trail?"
tour_duration_difficulty,nl,8,"Zijn er steile stukken die gevaarlijk zijn voor ouderen?"
tour_duration_difficulty,nl,8,"Kunnen we ook een korte rondleiding doen van een uurtje?"
tour_duration_difficulty,nl,8,"Is de wandeling geschikt voor mensen met een rolstoel?"
tour_duration_difficulty,nl,8,"Hoe lang is de koffietour en is het heel inspannend?"
tour_duration_difficulty,nl,8,"We hebben een baby, kunnen we een draagzak gebruiken op het pad?"
tour_duration_difficulty,nl,8,"Is er een mogelijkheid om alleen het plateau te zien zonder de hele heuvel te beklimmen?"
tour_duration_difficulty,hi,8,"टूर कितने घंटे का है?"
tour_duration_difficulty,hi,8,"क्या चढ़ाई बहुत तीखी है?"
tour_duration_difficulty,hi,8,"क्या बच्चों के साथ कॉफी ट्रेल चल सकते हैं?"
tour_duration_difficulty,hi,8,"मेरे माता-पिता 70 साल के हैं, क्या रास्ता उनके लिए ठीक है?"
tour_duration_difficulty,hi,8,"कितनी देर की वॉक है?"
tour_duration_difficulty,hi,8,"हमारे दो बच्चे हैं, 6 और 9 साल के, क्या वे पूरा रास्ता चल सकते हैं?"
tour_duration_difficulty,hi,8,"क्या रास्ते में बैठने की जगह या आराम की जगह है?"
tour_duration_difficulty,hi,8,"मैं ज्यादा फिट नहीं हूँ, क्या पहाड़ी बहुत मुश्किल है?"
tour_duration_difficulty,hi,8,"ट्रेल की कठिनाई कितनी है?"
tour_duration_difficulty,hi,8,"क्या ढलान पर बुजुर्गों के लिए खतरनाक हिस्से हैं?"
tour_duration_difficulty,hi,8,"क्या हम एक घंटे का छोटा टूर भी कर सकते हैं?"
tour_duration_difficulty,hi,8,"क्या रास्ता व्हीलचेयर वालों के लिए उपयुक्त है?"
tour_duration_difficulty,hi,8,"कॉफी टूर कितने समय का है और क्या यह बहुत थका देने वाला है?"
tour_duration_difficulty,hi,8,"हमारे पास एक शिशु है, क्या हम गोद में लेकर चल सकते हैं?"
tour_duration_difficulty,hi,8,"क्या पूरी पहाड़ी चढ़े बिना केवल ऊपर का मैदान देख सकते हैं?"
farm_location_directions,fr,3,"C'est loin la ferme depuis le centre-ville ?"
farm_location_directions,fr,3,"On peut y aller en bus ou il faut un 4x4 ?"
farm_location_directions,fr,3,"La route est-elle praticable en cette saison ?"
farm_location_directions,fr,3,"On vient avec deux enfants, est-ce que le sentier est adapté ?"
farm_location_directions,fr,3,"Est-ce que vous organisez des dégustations de café ?"
farm_location_directions,fr,3,"On aimerait visiter la ferme demain matin, c'est possible ?"
farm_location_directions,fr,3,"Y a-t-il un parking pour les voitures sur place ?"
farm_location_directions,fr,3,"Le chemin est-il très escarpé pour une personne âgée ?"
farm_location_directions,fr,3,"Est-ce que le bus s'arrête près de l'entrée ?"
farm_location_directions,fr,3,"On est un groupe de 10, vous avez des facilités pour le déjeuner ?"
farm_location_directions,fr,3,"Quels sont les mois de récolte pour votre arabica ?"
farm_location_directions,fr,3,"Peut-on acheter des grains directement à la ferme ?"
farm_location_directions,fr,3,"Est-ce que le lavage du café est visible lors de la visite ?"
farm_location_directions,fr,3,"On a un 4x4, mais est-ce que c'est nécessaire ?"
farm_location_directions,fr,3,"salut on peut passer cet après-midi pour une dégustation"
farm_location_directions,de,3,"Wie weit ist die Farm vom Stadtzentrum entfernt?"
farm_location_directions,de,3,"Kann man mit dem Bus hinkommen oder braucht man einen Geländewagen?"
farm_location_directions,de,3,"Ist die Straße in dieser Jahreszeit gut befahrbar?"
farm_location_directions,de,3,"Wir haben zwei Kinder, ist der Wanderweg für sie geeignet?"
farm_location_directions,de,3,"Bieten Sie Verkostungen von verschiedenen Röstungen an?"
farm_location_directions,de,3,"Können wir die Farm morgen Vormittag besichtigen?"
farm_location_directions,de,3,"Gibt es einen Parkplatz für Autos vor Ort?"
farm_location_directions,de,3,"Ist der Weg für ältere Leute zu steil?"
farm_location_directions,de,3,"Hält der Bus in der Nähe des Eingangs?"
farm_location_directions,de,3,"Wir sind eine Gruppe von 10, gibt es Mittagessen für uns?"
farm_location_directions,de,3,"Wann ist die Erntezeit für Ihren Arabica?"
farm_location_directions,de,3,"Kann man direkt auf der Farm Bohnen kaufen?"
farm_location_directions,de,3,"Kann man bei der Führung die Waschstation sehen?"
farm_location_directions,de,3,"Wir haben einen Geländewagen, aber ist der wirklich nötig?"
farm_location_directions,de,3,"hallo können wir heute nachmittag für eine Kaffeeverkostung vorbeikommen"
activities_available,en,0,"what activities do you offer"
activities_available,en,0,"can we pick coffee cherries today"
activities_available,en,0,"do you have a cupping session"
activities_available,en,0,"is bird watching available in the morning"
activities_available,en,0,"we have two kids, can they join the coffee trail"
activities_available,en,0,"how long is the walking tour, my parents are elderly"
activities_available,en,0,"is lunch included in the farm visit"
activities_available,en,0,"do you demonstrate the wet mill and sun drying"
activities_available,en,0,"can I buy your single origin arabica beans"
activities_available,en,0,"what months is the harvest season"
activities_available,en,0,"hi can we visit this afternoon for coffee tasting"
activities_available,en,0,"are there restrooms and a place to sit"
activities_available,en,0,"can we see the pulping machine close up"
activities_available,en,0,"is the trail steep for a casual walker"
activities_available,en,0,"can we do cupping and bird watching in one day"
activities_available,es,0,"¿qué actividades tienen"
activities_available,es,0,"¿se pueden recoger cerezas de café hoy"
activities_available,es,0,"¿tienen sesión de cata"
activities_available,es,0,"¿hay observación de aves por la mañana"
activities_available,es,0,"tenemos dos niños, ¿pueden caminar el sendero del café"
activities_available,es,0,"¿cuánto dura el recorrido, mis padres son mayores"
activities_available,es,0,"¿incluye almuerzo la visita a la finca"
activities_available,es,0,"¿muestran el molino húmedo y el secado al sol"
activities_available,es,0,"¿puedo comprar sus granos arábica de origen único"
activities_available,es,0,"¿en qué meses es la cosecha"
activities_available,es,0,"hola podemos visitar esta tarde para degustar café"
activities_available,es,0,"¿hay baños y un lugar para sentarse"
activities_available,es,0,"¿podemos ver la máquina despulpadora de cerca"
activities_available,es,0,"¿es empinado el sendero para un caminante casual"
activities_available,es,0,"¿podemos hacer cata y observación de aves en un día"
farm_location_directions,it,3,"come arrivo alla fattoria da città?"
farm_location_directions,it,3,"quanto è ripida la salita per la fattoria?"
farm_location_directions,it,3,"la strada per la fattoria è asfaltata o sterrata?"
farm_location_directions,it,3,"serve il 4x4 per arrivare alla fattoria?"
farm_location_directions,it,3,"posso arrivare con i mezzi pubblici?"
farm_location_directions,it,3,"c'è un parcheggio per auto sul posto?"
farm_location_directions,it,3,"abbiamo due bambini piccoli, il sentiero del caffè è adatto a loro?"
farm_location_directions,it,3,"mia madre ha problemi di mobilità, c'è un percorso facile per vedere la piantagione?"
farm_location_directions,it,3,"potete consigliare un percorso sicuro per arrivare con la famiglia?"
farm_location_directions,it,3,"offrite degustazioni di caffè di diverse tostature?"
farm_location_directions,it,3,"quali varietà di arabica coltivate e quando è il periodo di raccolta?"
farm_location_directions,it,3,"posso visitare il mulino per vedere come si lava il caffè?"
farm_location_directions,it,3,"si possono acquistare i chicchi di caffè direttamente in fattoria?"
farm_location_directions,it,3,"ciao possiamo venire oggi pomeriggio per una degustazione di caffè"
farm_location_directions,it,3,"siamo un gruppo di amici, possiamo organizzare una visita guidata alla fattoria"
farm_location_directions,pt,3,"como chego à fazenda a partir da cidade?"
farm_location_directions,pt,3,"a estrada para a fazenda é íngreme?"
farm_location_directions,pt,3,"a estrada é asfaltada ou de terra?"
farm_location_directions,pt,3,"preciso de um carro 4x4 para chegar à fazenda?"
farm_location_directions,pt,3,"dá para ir de ônibus ou táxi?"
farm_location_directions,pt,3,"tem estacionamento no local?"
farm_location_directions,pt,3,"temos duas crianças pequenas, elas conseguem andar na trilha do café?"
farm_location_directions,pt,3,"minha mãe tem dificuldade para andar, existe um caminho fácil para visitar a plantação?"
farm_location_directions,pt,3,"vocês podem indicar uma rota segura para chegar com a família?"
farm_location_directions,pt,3,"vocês oferecem sessões de degustação de café com diferentes torras?"
farm_location_directions,pt,3,"quais variedades de arábica vocês cultivam e qual é a época da colheita?"
farm_location_directions,pt,3,"posso visitar o lavador para ver como o café é processado?"
farm_location_directions,pt,3,"dá para comprar grãos de café direto da fazenda?"
farm_location_directions,pt,3,"oi podemos visitar hoje à tarde para degustação de café"
farm_location_directions,pt,3,"somos um grupo de amigos, podemos marcar uma visita guiada à fazenda"
farm_location_directions,nl,3,"Hoe kom ik bij de boerderij vanaf het centrum?"
farm_location_directions,nl,3,"Is de weg naar de boerderij steil?"
farm_location_directions,nl,3,"Kunnen we met de bus naar de boerderij?"
farm_location_directions,nl,3,"Is er parkeergelegenheid bij de boerderij?"
farm_location_directions,nl,3,"Hoe lang duurt de wandeling van de stad naar de boerderij?"
farm_location_directions,nl,3,"Is een 4x4 nodig om de boerderij te bereiken?"
farm_location_directions,nl,3,"Zijn de wegen naar de boerderij begaanbaar in de regen?"
farm_location_directions,nl,3,"Kan ik een taxi nemen vanaf het busstation naar de boerderij?"
farm_location_directions,nl,3,"Is er een wandelpad naar de boerderij dat geschikt is voor kinderen?"
farm_location_directions,nl,3,"We hebben twee kinderen, kunnen zij de wandeling naar de boerderij aan?"
farm_location_directions,nl,3,"Is de weg naar de boerderij veilig voor ouderen?"
farm_location_directions,nl,3,"Is er een plek om te lunchen bij de boerderij?"
farm_location_directions,nl,3,"Hoe zijn de wegen naar de boerderij in het bergachtige gebied?"
farm_location_directions,nl,3,"Is er een mogelijkheid om koffiebonen te kopen bij de boerderij?"
farm_location_directions,nl,3,"Ik wil graag weten of de boerderij gemakkelijk te bereiken is met het openbaar vervoer."
farm_location_directions,nl,3,"Hallo, kunnen we vanmiddag langskomen voor een koffieproeverij?"
farm_location_directions,nl,3,"Wat is de snelste route naar de boerderij vanaf de stad?"
farm_location_directions,nl,3,"Is er een bord dat de weg naar de boerderij aangeeft?"
farm_location_directions,nl,3,"Kunnen we met de auto tot aan de boerderij rijden?"
farm_location_directions,nl,3,"Is er een parkeerplaats voor auto's bij de ingang?"
farm_location_directions,nl,3,"Zijn er steile stukken op de weg naar de boerderij?"
farm_location_directions,nl,3,"Hoe ver is de boerderij van de hoofdweg?"
farm_location_directions,nl,3,"Is er een bushalte vlakbij de boerderij?"
farm_location_directions,nl,3,"Wat is de beste manier om bij de boerderij te komen zonder eigen vervoer?"
farm_location_directions,nl,3,"Zijn de wegen naar de boerderij goed onderhouden?"
farm_location_directions,hi,3,"खेत तक कैसे पहुँचें?"
farm_location_directions,hi,3,"क्या रास्ता पहाड़ी है?"
farm_location_directions,hi,3,"क्या बस से खेत तक जा सकते हैं?"
farm_location_directions,hi,3,"क्या खेत पर पार्किंग है?"
farm_location_directions,hi,3,"शहर से खेत तक चलने में कितना समय लगता है?"
farm_location_directions,hi,3,"क्या खेत तक पहुँचने के लिए 4x4 ज़रूरी है?"
farm_location_directions,hi,3,"क्या बारिश में खेत का रास्ता ठीक रहता है?"
farm_location_directions,hi,3,"क्या बस स्टेशन से टैक्सी मिल सकती है?"
farm_location_directions,hi,3,"क्या बच्चों के लिए खेत तक चलना आसान है?"
farm_location_directions,hi,3,"हमारे दो बच्चे हैं, क्या वे खेत तक चल सकते हैं?"
farm_location_directions,hi,3,"क्या बुज़ुर्गों के लिए खेत का रास्ता सुरक्षित है?"
farm_location_directions,hi,3,"क्या खेत पर दोपहर के खाने की सुविधा है?"
farm_location_directions,hi,3,"पहाड़ी इलाके में खेत के रास्ते कैसे हैं?"
farm_location_directions,hi,3,"क्या खेत से कॉफी बीन्स खरीद सकते हैं?"
farm_location_directions,hi,3,"मैं जानना चाहता हूँ कि क्या खेत सार्वजनिक परिवहन से आसानी से पहुँचा जा सकता है।"
farm_location_directions,hi,3,"नमस्ते, क्या हम आज दोपहर कॉफी चखने के लिए आ सकते हैं?"
farm_location_directions,hi,3,"शहर से खेत तक का सबसे तेज़ रास्ता कौन सा है?"
farm_location_directions,hi,3,"क्या खेत तक जाने के लिए कोई साइन बोर्ड है?"
farm_location_directions,hi,3,"क्या हम गाड़ी से खेत तक जा सकते हैं?"
farm_location_directions,hi,3,"क्या प्रवेश द्वार पर गाड़ी खड़ी करने की जगह है?"
farm_location_directions,hi,3,"क्या खेत के रास्ते में खड़ी चढ़ाई है?"
farm_location_directions,hi,3,"खेत मुख्य सड़क से कितनी दूर है?"
farm_location_directions,hi,3,"क्या खेत के पास कोई बस स्टॉप है?"
farm_location_directions,hi,3,"बिना अपने वाहन के खेत तक पहुँचने का सबसे अच्छा तरीका क्या है?"
farm_location_directions,hi,3,"क्या खेत के रास्ते अच्छी हालत में हैं?"
activities_available,fr,0,"Est-ce qu'on peut visiter la ferme aujourd'hui ?"
activities_available,fr,0,"C'est quoi les activités proposées ?"
activities_available,fr,0,"On peut cueillir les cerises de café ?"
activities_available,fr,0,"Est-ce que la démonstration de lavage du café est incluse dans la visite ?"
activities_available,fr,0,"Peut-on faire une dégustation de café ?"
activities_available,fr,0,"Est-ce que les enfants peuvent participer à la cueillette ?"
activities_available,fr,0,"Est-ce que la marche jusqu'à la ferme est difficile pour les personnes âgées ?"
activities_available,fr,0,"Y a-t-il un endroit pour déjeuner sur place ?"
activities_available,fr,0,"Quelles sont les heures de la séance de cupping ?"
activities_available,fr,0,"Est-ce que vous proposez des visites guidées en français ?"
activities_available,fr,0,"Je voudrais savoir si on peut observer des oiseaux dans la région."
activities_available,fr,0,"Est-ce que le sentier est adapté aux poussettes ?"
activities_available,fr,0,"Peut-on acheter des grains de café directement à la ferme ?"
activities_available,fr,0,"Bonjour, est-ce qu'il y a des activités pour les enfants de 5 ans ?"
activities_available,fr,0,"On est un groupe de 10, est-ce qu'il faut réserver à l'avance ?"
activities_available,de,0,"Kann man heute die Farm besichtigen?"
activities_available,de,0,"Was gibt es dort für Aktivitäten?"
activities_available,de,0,"Kann man Kaffeekirschen pflücken?"
activities_available,de,0,"Ist die Demonstration der Kaffeewäsche in der Führung enthalten?"
activities_available,de,0,"Bietet ihr eine Kaffee-Verkostung an?"
activities_available,de,0,"Können Kinder bei der Ernte mithelfen?"
activities_available,de,0,"Ist der Weg zur Farm für ältere Leute machbar?"
activities_available,de,0,"Gibt es eine Möglichkeit, dort zu Mittag zu essen?"
activities_available,de,0,"Um wie viel Uhr ist die Cupping-Session?"
activities_available,de,0,"Gibt es Führungen auf Deutsch?"
activities_available,de,0,"Ich möchte wissen, ob man in der Gegend Vögel beobachten kann."
activities_available,de,0,"Ist der Weg für Kinderwagen geeignet?"
activities_available,de,0,"Kann man direkt auf der Farm Kaffeebohnen kaufen?"
activities_available,de,0,"Hallo, gibt es Aktivitäten für Kinder ab 5 Jahren?"
activities_available,de,0,"Wir sind eine Gruppe von 10 Personen, müssen wir vorher reservieren?"
activities_available,it,0,"Si può visitare la piantagione oggi pomeriggio?"
activities_available,it,0,"Ciao, siamo in due e vorremmo sapere se organizzate la raccolta delle ciliegie di caffè."
activities_available,it,0,"I bambini possono partecipare alla raccolta?"
activities_available,it,0,"Quanto dura la dimostrazione della macinazione a umido?"
activities_available,it,0,"Offrite una sessione di assaggio del caffè?"
activities_available,it,0,"C'è un sentiero adatto agli anziani per vedere gli uccelli?"
activities_available,it,0,"Siamo una famiglia con due bambini piccoli, c'è un percorso facile e sicuro?"
activities_available,it,0,"Vorrei sapere se posso comprare i chicchi di caffè direttamente dalla fattoria."
activities_available,it,0,"Che varietà di arabica coltivate?"
activities_available,it,0,"La salita alla piantagione è ripida?"
activities_available,it,0,"Possiamo prenotare una sessione di cupping per domani?"
activities_available,it,0,"C'è un posto dove pranzare?"
activities_available,it,0,"Quanto costa il tour per un gruppo di 10 persone?"
activities_available,it,0,"Siamo interessati al birdwatching, ci sono guide esperte?"
activities_available,it,0,"vorremmo vedere come si seccano i chicchi al sole"
activities_available,pt,0,"Podemos visitar a fazenda esta tarde?"
activities_available,pt,0,"Oi, a gente quer saber se tem colheita de cereja de café para participar."
activities_available,pt,0,"As crianças podem colher café?"
activities_available,pt,0,"Quanto tempo dura a demonstração da lavagem e secagem?"
activities_available,pt,0,"Vocês oferecem sessão de cupping?"
activities_available,pt,0,"Tem trilha fácil para idosos observar pássaros?"
activities_available,pt,0,"Somos uma família com duas crianças, tem um percurso seguro e curto?"
activities_available,pt,0,"Quero saber se posso comprar grãos de café direto da fazenda."
activities_available,pt,0,"Qual variedade de arábica vocês cultivam?"
activities_available,pt,0,"A subida para a fazenda é íngreme?"
activities_available,pt,0,"Podemos agendar uma sessão de cupping para amanhã?"
activities_available,pt,0,"Tem lugar para almoçar?"
activities_available,pt,0,"Quanto custa o tour para um grupo de 10 pessoas?"
activities_available,pt,0,"Estamos interessados em observação de aves, tem guias experientes?"
activities_available,pt,0,"quero ver como secam os grãos ao sol"
activities_available,nl,0,"Kun je koffieplukken hier?"
activities_available,nl,0,"Is de wandeling naar de zonne drogerij steil?"
activities_available,nl,0,"We hebben twee kinderen van 6 en 8, kunnen zij meelopen op het koffiepad?"
activities_available,nl,0,"Doen jullie ook een cupping-sessie met verschillende brandingen?"
activities_available,nl,0,"Hallo, kunnen we vanmiddag langskomen voor koffieproeverij"
activities_available,nl,0,"Hoe lang duurt de vogelspottocht en is het geschikt voor ouderen?"
activities_available,nl,0,"Is er lunch mogelijk voor een groep van 10 personen?"
activities_available,nl,0,"Zijn de koffiebessen nu rijp om te plukken?"
activities_available,nl,0,"Kan ik verse bonen kopen bij jullie?"
activities_available,nl,0,"Is er een toilet en rustplek onderweg?"
activities_available,nl,0,"Wat kost de activiteit voor een volwassene en een kind?"
activities_available,nl,0,"Zijn er stevige schoenen nodig voor de wandeling?"
activities_available,nl,0,"Hoe kom ik bij de boerderij vanaf het busstation?"
activities_available,nl,0,"Is de koffie hier single origin arabica?"
activities_available,nl,0,"Kunnen we zelf de koffiepulper bedienen?"
activities_available,hi,0,"क्या यहाँ कॉफ़ी बीन्स तोड़ सकते हैं?"
activities_available,hi,0,"क्या रास्ता बहुत चढ़ाई वाला है?"
activities_available,hi,0,"हमारे दो बच्चे हैं, क्या वे कॉफ़ी ट्रेल पर चल सकते हैं?"
activities_available,hi,0,"क्या आप अलग-अलग रोस्ट की कपिंग सेशन कराते हैं?"
activities_available,hi,0,"नमस्ते, क्या हम आज दोपहर कॉफ़ी टेस्टिंग के लिए आ सकते हैं"
activities_available,hi,0,"बर्ड वॉचिंग टूर कितने समय का है और क्या बुज़ुर्गों के लिए ठीक है?"
activities_available,hi,0,"क्या समूह के लिए दोपहर का खाना मिल सकता है?"
activities_available,hi,0,"क्या अभी कॉफ़ी चेरी पकी हुई हैं?"
activities_available,hi,0,"क्या मैं यहाँ से ताज़ी बीन्स खरीद सकता हूँ?"
activities_available,hi,0,"रास्ते में शौचालय और आराम की जगह है?"
activities_available,hi,0,"एक वयस्क और एक बच्चे के लिए कितना शुल्क है?"
activities_available,hi,0,"क्या चलने के लिए मज़बूत जूते चाहिए?"
activities_available,hi,0,"बस स्टैंड से फार्म तक कैसे पहुँचें?"
activities_available,hi,0,"क्या यह कॉफ़ी सिंगल ओरिजिन अरेबिका है?"
activities_available,hi,0,"क्या हम खुद कॉफ़ी पल्पर चला सकते हैं?"
amenities_food,en,1,"Is lunch included with the tour?"
amenities_food,en,1,"Do you have clean restrooms on the farm?"
amenities_food,en,1,"Can we get fresh coffee and tea during our visit?"
amenities_food,en,1,"We have two kids, is there a place for them to rest while we walk the trails?"
amenities_food,en,1,"My mother is elderly, how far is the walk from the parking to the main shelter?"
amenities_food,en,1,"Do you serve a traditional highland lunch, and what does it include?"
amenities_food,en,1,"Are there any shelters along the coffee trail in case it rains?"
amenities_food,en,1,"Is the spring water safe to drink directly from the source?"
amenities_food,en,1,"Do you offer cupping sessions of different roasts?"
amenities_food,en,1,"Can we buy freshly roasted beans to take home?"
amenities_food,en,1,"What are the harvest months for your single-origin Arabica?"
amenities_food,en,1,"Is the hike steep or suitable for a casual walker?"
amenities_food,en,1,"hi can we visit this afternoon for coffee tasting"
amenities_food,en,1,"do you have a place to sit and eat our own snacks"
amenities_food,en,1,"are the washrooms close to the picnic area"
amenities_food,es,1,"¿El almuerzo está incluido en el tour?"
amenities_food,es,1,"¿Tienen baños limpios en la finca?"
amenities_food,es,1,"¿Podemos tomar café y té frescos durante la visita?"
amenities_food,es,1,"Tenemos dos niños, ¿hay un lugar donde puedan descansar mientras caminamos por los senderos?"
amenities_food,es,1,"Mi madre es mayor, ¿qué tan lejos está la caminata desde el estacionamiento hasta el refugio principal?"
amenities_food,es,1,"¿Sirven almuerzo tradicional de la sierra y qué incluye?"
amenities_food,es,1,"¿Hay refugios a lo largo del sendero del café en caso de lluvia?"
amenities_food,es,1,"¿El agua de manantial es segura para beber directamente de la fuente?"
amenities_food,es,1,"¿Ofrecen sesiones de catación de diferentes tuestes?"
amenities_food,es,1,"¿Podemos comprar granos recién tostados para llevar a casa?"
amenities_food,es,1,"¿Cuáles son los meses de cosecha de su arábica de origen único?"
amenities_food,es,1,"¿La caminata es empinada o adecuada para un paseante casual?"
amenities_food,es,1,"hola podemos visitar esta tarde para degustar café"
amenities_food,es,1,"¿tienen un lugar para sentarse y comer nuestros propios bocadillos?"
amenities_food,es,1,"¿los baños están cerca de la zona de picnic?"
amenities_food,fr,1,"Est-ce que le déjeuner traditionnel est inclus dans la visite ?"
amenities_food,fr,1,"On peut avoir du café fraîchement moulu ?"
amenities_food,fr,1,"Y a-t-il des toilettes propres sur le parcours ?"
amenities_food,fr,1,"Est-ce qu'il y a des abris pour se reposer pendant la randonnée ?"
amenities_food,fr,1,"Pouvons-nous goûter le café de la ferme ?"
amenities_food,fr,1,"Est-ce que l'eau de source est potable ?"
amenities_food,fr,1,"Nous venons avec deux enfants, peuvent-ils marcher jusqu'au sentier du café ?"
amenities_food,fr,1,"Y a-t-il un endroit pour s'asseoir et déguster le café en famille ?"
amenities_food,fr,1,"Est-ce que le déjeuner est servi à heure fixe ou en continu ?"
amenities_food,fr,1,"Proposez-vous des séances de dégustation de café pour les connaisseurs ?"
amenities_food,fr,1,"Quels sont les mois de récolte pour votre arabica de haute altitude ?"
amenities_food,fr,1,"Est-ce que je peux acheter des grains de café directement à la ferme ?"
amenities_food,fr,1,"bonjour est-ce qu'on peut visiter cet après-midi pour une dégustation de café"
amenities_food,fr,1,"est-ce que le repas est copieux pour un groupe de dix personnes"
amenities_food,fr,1,"y a-t-il des toilettes près du lavoir à café"
amenities_food,de,1,"Ist das traditionelle Mittagessen im Preis inbegriffen?"
amenities_food,de,1,"Gibt es frisch gebrühten Kaffee?"
amenities_food,de,1,"Sind die Toiletten sauber?"
amenities_food,de,1,"Gibt es Unterstände zum Ausruhen auf dem Rundweg?"
amenities_food,de,1,"Können wir den Kaffee probieren?"
amenities_food,de,1,"Ist das Quellwasser trinkbar?"
amenities_food,de,1,"Wir haben zwei Kinder, können sie den Kaffeewanderweg schaffen?"
amenities_food,de,1,"Gibt es einen Platz zum Sitzen und Kaffee trinken mit der Familie?"
amenities_food,de,1,"Gibt es feste Essenszeiten oder durchgehend Mittagessen?"
amenities_food,de,1,"Bieten Sie Cupping-Sessions für verschiedene Röstungen an?"
amenities_food,de,1,"Wann ist die Erntezeit für Ihren Hochland-Arabica?"
amenities_food,de,1,"Kann ich direkt auf dem Hof Kaffeebohnen kaufen?"
amenities_food,de,1,"hallo können wir heute Nachmittag für eine Kaffeeverkostung vorbeikommen"
amenities_food,de,1,"ist das Mittagessen ausreichend für eine Gruppe von zehn Personen"
amenities_food,de,1,"gibt es Toiletten in der Nähe der Kaffeewäscherei"
pet_policy,en,5,"can I bring my dog to the farm"
pet_policy,en,5,"are pets allowed on the coffee trail"
pet_policy,en,5,"we have a small puppy, is it okay to bring her along"
pet_policy,en,5,"do you allow dogs on the walking paths"
pet_policy,en,5,"hi is it fine if we bring our labrador for the tour"
pet_policy,en,5,"my dog is well behaved, can he come with us"
pet_policy,en,5,"are there any leash rules for pets on the farm"
pet_policy,en,5,"can we bring our cat on a harness"
pet_policy,en,5,"is it safe for dogs around the coffee plants"
pet_policy,en,5,"we are traveling with our dog, can he join the hike"
pet_policy,en,5,"do you have any pet friendly areas on the farm"
pet_policy,en,5,"are dogs allowed inside the cafe or just outside"
pet_policy,en,5,"what is your policy on bringing animals to the farm"
pet_policy,en,5,"can we leave our dog in the car while we do the tour"
pet_policy,en,5,"is there any restriction on pet size or breed"
pet_policy,es,5,"¿puedo llevar mi perro a la finca"
pet_policy,es,5,"¿se permiten mascotas en el sendero del café"
pet_policy,es,5,"tenemos un cachorro pequeño, ¿puede venir con nosotros"
pet_policy,es,5,"¿permiten perros en los caminos de la finca"
pet_policy,es,5,"hola, ¿está bien si llevamos a nuestro labrador al tour"
pet_policy,es,5,"mi perro se porta bien, ¿puede venir"
pet_policy,es,5,"¿hay reglas sobre correas para mascotas en la finca"
pet_policy,es,5,"¿podemos llevar a nuestro gato con arnés"
pet_policy,es,5,"¿es seguro para los perros estar cerca de las plantas de café"
pet_policy,es,5,"viajamos con nuestro perro, ¿puede unirse a la caminata"
pet_policy,es,5,"¿tienen áreas pet friendly en la finca"
pet_policy,es,5,"¿se permiten perros dentro de la cafetería o solo afuera"
pet_policy,es,5,"¿cuál es su política sobre traer animales a la finca"
pet_policy,es,5,"¿podemos dejar a nuestro perro en el coche mientras hacemos el tour"
pet_policy,es,5,"¿hay alguna restricción de tamaño o raza para mascotas"
amenities_food,it,1,"c'è un posto dove mangiare qui?"
amenities_food,it,1,"possiamo assaggiare il caffè della fattoria?"
amenities_food,it,1,"ci sono bagni puliti?"
amenities_food,it,1,"quanto dista il sentiero del caffè?"
amenities_food,it,1,"abbiamo due bambini, possono camminare fino al lavatoio?"
amenities_food,it,1,"offrite il pranzo tradizionale di montagna?"
amenities_food,it,1,"vorremmo un riparo per riposare durante la visita"
amenities_food,it,1,"l'acqua della sorgente è potabile?"
amenities_food,it,1,"c'è un chiosco dove comprare caffè in sacchetti?"
amenities_food,it,1,"è possibile fare una degustazione di diverse tostature?"
amenities_food,it,1,"siamo un gruppo di 10 persone, possiamo prenotare il pranzo?"
amenities_food,it,1,"ci sono panchine lungo il percorso?"
amenities_food,it,1,"il caffè è di origine unica arabica?"
amenities_food,it,1,"vorremmo sapere se c'è un posto al coperto in caso di pioggia"
amenities_food,it,1,"ciao possiamo venire oggi pomeriggio per la degustazione"
amenities_food,pt,1,"tem lugar pra comer aqui?"
amenities_food,pt,1,"dá pra provar o café da fazenda?"
amenities_food,pt,1,"tem banheiro limpo?"
amenities_food,pt,1,"qual é a distância da trilha do café?"
amenities_food,pt,1,"temos duas crianças, elas conseguem andar até o lavador?"
amenities_food,pt,1,"vocês servem almoço tradicional da serra?"
amenities_food,pt,1,"tem abrigo pra descansar durante a visita?"
amenities_food,pt,1,"a água da fonte é potável?"
amenities_food,pt,1,"tem uma lojinha pra comprar café em pacote?"
amenities_food,pt,1,"fazem cupping de diferentes torras?"
amenities_food,pt,1,"somos um grupo de 10 pessoas, podemos reservar o almoço?"
amenities_food,pt,1,"tem bancos ao longo do percurso?"
amenities_food,pt,1,"o café é arábica de origem única?"
amenities_food,pt,1,"tem algum lugar coberto caso chova?"
amenities_food,pt,1,"oi podemos visitar hoje à tarde pra degustar café"
amenities_food,nl,1,"Is er een plek waar we kunnen lunchen op de boerderij?"
amenities_food,nl,1,"Kunnen we koffie proeven als we langskomen?"
amenities_food,nl,1,"Zijn er schone toiletten op het terrein?"
amenities_food,nl,1,"We komen met twee kinderen en mijn moeder is 70. Is het wandelpad naar de schuilplaats makkelijk?"
amenities_food,nl,1,"Is er een rustplek onderweg voor ouderen?"
amenities_food,nl,1,"Hebben jullie ook verse thee van het land?"
amenities_food,nl,1,"Kun je lokale lunch aanbieden voor een groep van zes?"
amenities_food,nl,1,"Is het drinkwater uit de bron veilig om te drinken?"
amenities_food,nl,1,"Hoe ver is het lopen van de parkeerplaats naar het restaurant?"
amenities_food,nl,1,"Kunnen we alleen koffie drinken zonder lunch?"
amenities_food,nl,1,"Is er een schuilplaats als het regent tijdens de wandeling?"
amenities_food,nl,1,"Zijn er vegetarische opties bij de lunch?"
amenities_food,nl,1,"Is de koffie die jullie serveren van eigen oogst?"
amenities_food,nl,1,"Kunnen we een koffieproeverij doen met verschillende brandingen?"
amenities_food,nl,1,"Is er een plek om even te zitten en uit te rusten?"
amenities_food,hi,1,"क्या खेत पर दोपहर का खाना मिलता है?"
amenities_food,hi,1,"क्या हम कॉफ़ी टेस्टिंग कर सकते हैं?"
amenities_food,hi,1,"शौचालय कहाँ हैं? क्या वे साफ़ हैं?"
amenities_food,hi,1,"हमारे साथ दो बच्चे हैं और मेरी माँ बुज़ुर्ग हैं। क्या रास्ता आसान है?"
amenities_food,hi,1,"क्या रास्ते में आराम करने की जगह है?"
amenities_food,hi,1,"क्या आपके पास ताज़ी चाय भी है?"
amenities_food,hi,1,"क्या हम छह लोगों के लिए दोपहर का खाना बुक कर सकते हैं?"
amenities_food,hi,1,"क्या पानी पीने के लिए सुरक्षित है?"
amenities_food,hi,1,"पार्किंग से रेस्टोरेंट तक कितनी दूर है?"
amenities_food,hi,1,"क्या हम केवल कॉफ़ी पी सकते हैं, खाना नहीं?"
amenities_food,hi,1,"अगर बारिश हो जाए तो क्या छिपने की जगह है?"
amenities_food,hi,1,"क्या लंच में शाकाहारी विकल्प हैं?"
amenities_food,hi,1,"क्या आपकी कॉफ़ी अपने खेत की है?"
amenities_food,hi,1,"क्या अलग-अलग रोस्ट की कॉफ़ी चखने का सेशन होता है?"
amenities_food,hi,1,"क्या बैठने और आराम करने की जगह है?"
pet_policy,it,5,"posso portare il mio cane in fattoria?"
pet_policy,it,5,"il sentiero del caffè è adatto ai cani?"
pet_policy,it,5,"abbiamo due cani, possiamo farli girare liberi?"
pet_policy,it,5,"ci sono zone dove i cani possono stare senza guinzaglio?"
pet_policy,it,5,"il mio cane è piccolo, può venire con noi sulla pista?"
pet_policy,it,5,"è sicuro portare un cucciolo in fattoria?"
pet_policy,it,5,"posso lasciare il cane in macchina mentre visito?"
pet_policy,it,5,"ci sono recinti per animali nella fattoria?"
pet_policy,it,5,"il cane può stare vicino alle piante di caffè?"
pet_policy,it,5,"che regole ci sono per gli animali domestici?"
pet_policy,it,5,"il sentiero è sterrato o asfaltato? il cane può camminare?"
pet_policy,it,5,"vorrei venire con il mio labrador, è un problema?"
pet_policy,it,5,"i cani possono entrare nella zona della torrefazione?"
pet_policy,it,5,"se piove, dove posso riparare il cane?"
pet_policy,it,5,"il mio cane è molto energico, può correre libero nei campi?"
pet_policy,pt,5,"posso levar meu cachorro para a fazenda?"
pet_policy,pt,5,"a trilha do café é adequada para cães?"
pet_policy,pt,5,"temos dois cães, eles podem passear soltos?"
pet_policy,pt,5,"existe alguma área onde os cães podem ficar sem coleira?"
pet_policy,pt,5,"meu cachorro é pequeno, ele pode vir conosco na trilha?"
pet_policy,pt,5,"é seguro trazer um filhote para a fazenda?"
pet_policy,pt,5,"posso deixar o cachorro no carro enquanto visito?"
pet_policy,pt,5,"tem cercados para animais na fazenda?"
pet_policy,pt,5,"o cachorro pode ficar perto dos pés de café?"
pet_policy,pt,5,"quais são as regras para animais de estimação?"
pet_policy,pt,5,"a trilha é de terra ou asfaltada? o cachorro consegue andar?"
pet_policy,pt,5,"gostaria de vir com meu labrador, tem problema?"
pet_policy,pt,5,"os cães podem entrar na área de torrefação?"
pet_policy,pt,5,"se chover, onde posso abrigar o cachorro?"
pet_policy,pt,5,"meu cachorro é muito agitado, ele pode correr livre pelos campos?"
pet_policy,fr,5,"Est-ce que je peux venir avec mon chien à la ferme ?"
pet_policy,fr,5,"Les chiens sont-ils autorisés sur le sentier du café ?"
pet_policy,fr,5,"On a un petit chien, est-ce qu'il peut nous accompagner ?"
pet_policy,fr,5,"Y a-t-il une laisse obligatoire pour les animaux ?"
pet_policy,fr,5,"Mon chien peut-il courir librement dans les champs ?"
pet_policy,fr,5,"Nous avons deux enfants et un chien, est-ce que c'est possible de visiter ?"
pet_policy,fr,5,"Pour la sécurité des animaux, est-ce qu'il y a des zones interdites ?"
pet_policy,fr,5,"Je voudrais savoir si les animaux de compagnie sont admis sur le parcours de randonnée."
pet_policy,fr,5,"Est-ce que les chiens sont dangereux pour les cultures ou les autres animaux ?"
pet_policy,fr,5,"Puis-je laisser mon chien dans la voiture pendant la visite ?"
pet_policy,fr,5,"Y a-t-il un espace pour que mon chien se repose pendant que je fais la dégustation ?"
pet_policy,fr,5,"Est-ce que les chats sont acceptés sur la ferme ?"
pet_policy,fr,5,"Nous avons un animal de compagnie, est-ce qu'il y a des règles spéciales pour les enfants ?"
pet_policy,fr,5,"Je voudrais savoir si je peux emmener mon chien pour la cueillette du café."
pet_policy,fr,5,"Est-ce que les chiens doivent être tenus en laisse sur tout le domaine ?"
pet_policy,de,5,"Kann ich meinen Hund mit auf den Bauernhof bringen?"
pet_policy,de,5,"Sind Hunde auf dem Kaffeewanderweg erlaubt?"
pet_policy,de,5,"Wir haben einen kleinen Hund, darf er mitkommen?"
pet_policy,de,5,"Gibt es Leinenpflicht für Tiere?"
pet_policy,de,5,"Darf mein Hund frei auf den Feldern herumlaufen?"
pet_policy,de,5,"Wir haben zwei Kinder und einen Hund, ist das möglich zu besichtigen?"
pet_policy,de,5,"Gibt es für die Sicherheit der Tiere verbotene Zonen?"
pet_policy,de,5,"Ich möchte wissen, ob Haustiere auf der Wanderroute erlaubt sind."
pet_policy,de,5,"Sind Hunde gefährlich für die Pflanzen oder andere Tiere?"
pet_policy,de,5,"Kann ich meinen Hund während der Besichtigung im Auto lassen?"
pet_policy,de,5,"Gibt es einen Platz, wo mein Hund sich ausruhen kann, während ich die Verkostung mache?"
pet_policy,de,5,"Sind Katzen auf dem Bauernhof erlaubt?"
pet_policy,de,5,"Wir haben ein Haustier, gibt es besondere Regeln für Kinder?"
pet_policy,de,5,"Ich würde gerne wissen, ob ich meinen Hund zur Kaffeeernte mitbringen kann."
pet_policy,de,5,"Müssen Hunde auf dem gesamten Gelände an der Leine geführt werden?"
pet_policy,nl,5,"Mogen honden mee naar de boerderij?"
pet_policy,nl,5,"Kunnen we onze hond meenemen tijdens de wandeling over het koffiepad?"
pet_policy,nl,5,"Is het toegestaan om een hond aan de lijn te houden op het terrein?"
pet_policy,nl,5,"We hebben een kleine hond, is die welkom bij de rondleiding?"
pet_policy,nl,5,"Zijn er regels voor huisdieren op de boerderij?"
pet_policy,nl,5,"Kan mijn hond loslopen bij de koffieplantage of moet hij aan de lijn?"
pet_policy,nl,5,"We willen graag met onze hond komen, maar we hebben ook een peuter. Is dat veilig?"
pet_policy,nl,5,"Is het pad geschikt voor een hond? Het is nogal steil, maar onze hond is fit."
pet_policy,nl,5,"Zijn er voorzieningen voor honden, zoals waterbakken of een plek om ze vast te binden?"
pet_policy,nl,5,"We komen met de hele familie, inclusief onze hond. Is dat oké?"
pet_policy,nl,5,"Ik wil graag weten of honden zijn toegestaan op het terrein, want we reizen met een hond."
pet_policy,nl,5,"Onze hond is erg sociaal, maar we willen geen problemen met andere bezoekers. Hoe zit het met de regels?"
pet_policy,nl,5,"Mag mijn hond mee naar de koffieproeverij of moet hij buiten blijven?"
pet_policy,nl,5,"Is er een aparte plek voor honden terwijl we de rondleiding doen?"
pet_policy,nl,5,"We hebben een oudere hond die niet zo goed kan lopen. Kunnen we hem achterlaten in de auto of is er een beter alternatief?"
pet_policy,hi,5,"क्या खेत पर कुत्ते ला सकते हैं?"
pet_policy,hi,5,"कॉफ़ी ट्रेल पर कुत्ते को साथ ले जाना ठीक है?"
pet_policy,hi,5,"क्या हमारा कुत्ता पट्टे पर रहकर घूम सकता है?"
pet_policy,hi,5,"हमारे पास छोटा कुत्ता है, क्या वह टूर में शामिल हो सकता है?"
pet_policy,hi,5,"पालतू जानवरों के लिए क्या नियम हैं यहाँ?"
pet_policy,hi,5,"क्या कुत्ते को बिना पट्टे के छोड़ सकते हैं कॉफ़ी बागान में?"
pet_policy,hi,5,"हम अपने कुत्ते के साथ आना चाहते हैं, लेकिन हमारा छोटा बच्चा भी है। क्या यह सुरक्षित है?"
pet_policy,hi,5,"क्या रास्ता कुत्ते के लिए ठीक है? थोड़ा ढलान है, लेकिन हमारा कुत्ता फिट है।"
pet_policy,hi,5,"क्या कुत्तों के लिए पानी या बाँधने की जगह जैसी सुविधा है?"
pet_policy,hi,5,"हम पूरे परिवार के साथ आ रहे हैं, जिसमें हमारा कुत्ता भी शामिल है। क्या यह ठीक है?"
pet_policy,hi,5,"मैं जानना चाहता हूँ कि क्या कुत्तों को यहाँ आने की अनुमति है, क्योंकि हम कुत्ते के साथ यात्रा कर रहे हैं।"
pet_policy,hi,5,"हमारा कुत्ता बहुत मिलनसार है, लेकिन हम दूसरे पर्यटकों से परेशानी नहीं चाहते। नियम क्या हैं?"
pet_policy,hi,5,"क्या मैं अपने कुत्ते को कॉफ़ी टेस्टिंग में ले जा सकता हूँ या उसे बाहर रखना होगा?"
pet_policy,hi,5,"क्या टूर के दौरान कुत्ते के लिए अलग जगह है?"
pet_policy,hi,5,"हमारा कुत्ता बूढ़ा है और ज़्यादा नहीं चल सकता। क्या हम उसे गाड़ी में छोड़ सकते हैं या कोई और विकल्प है?"
booking_reservation,en,2,"hi can we visit this afternoon for coffee tasting"
booking_reservation,en,2,"how do I get to the farm from the hostel"
booking_reservation,en,2,"we have two children and my mom is 70, is the coffee trail too long for them"
booking_reservation,en,2,"do you offer cupping sessions of different roasts"
booking_reservation,en,2,"can we book a tour for next Saturday, we're 6 people"
booking_reservation,en,2,"is the hike steep or is it easy walking"
booking_reservation,en,2,"I'm really into single origin arabica, what harvest months do you have"
booking_reservation,en,2,"we'd like to do the tasting and lunch, do we need to reserve in advance"
booking_reservation,en,2,"can we just walk in or do we need to book ahead"
booking_reservation,en,2,"what's the max group size for the tour"
booking_reservation,en,2,"do you have a washing mill we can see"
booking_reservation,en,2,"we're a family of 4 with a toddler, is there a safe area for kids"
booking_reservation,en,2,"can we buy beans after the tour"
booking_reservation,en,2,"how much notice do you need for lunch"
booking_reservation,en,2,"is there parking for our van"
booking_reservation,es,2,"hola podemos visitar esta tarde para probar café"
booking_reservation,es,2,"¿cómo llego a la finca desde el hostal?"
booking_reservation,es,2,"somos 6 personas, ¿podemos reservar un tour para el sábado?"
booking_reservation,es,2,"tenemos dos niños y mi mamá tiene 70, ¿es muy larga la caminata del café?"
booking_reservation,es,2,"¿hacen sesiones de cata de diferentes tuestes?"
booking_reservation,es,2,"¿la subida es empinada o es fácil caminar?"
booking_reservation,es,2,"me encanta el arábica de origen único, ¿qué meses de cosecha tienen?"
booking_reservation,es,2,"queremos hacer la cata y el almuerzo, ¿necesitamos reservar con anticipación?"
booking_reservation,es,2,"¿podemos llegar sin reserva o hay que reservar?"
booking_reservation,es,2,"¿cuál es el tamaño máximo del grupo para el tour?"
booking_reservation,es,2,"¿tienen un molino de lavado que podamos ver?"
booking_reservation,es,2,"somos una familia de 4 con un bebé, ¿hay una zona segura para niños?"
booking_reservation,es,2,"¿podemos comprar granos después del tour?"
booking_reservation,es,2,"¿con cuánta anticipación hay que avisar para el almuerzo?"
booking_reservation,es,2,"¿hay estacionamiento para nuestra camioneta?"
booking_reservation,fr,2,"Bonjour, est-ce qu'on peut réserver une visite pour demain après-midi ?"
booking_reservation,fr,2,"On est 6, c'est possible de venir sans réservation ?"
booking_reservation,fr,2,"Salut, je peux passer cet après-midi pour une dégustation ?"
booking_reservation,fr,2,"Est-ce que le sentier du café est adapté pour des enfants de 5 et 8 ans ?"
booking_reservation,fr,2,"Nous sommes un groupe de 10, est-ce que vous acceptez les groupes de plus de 8 ?"
booking_reservation,fr,2,"Bonjour, je voudrais réserver une table pour deux pour le déjeuner de samedi, avec dégustation."
booking_reservation,fr,2,"Est-ce qu'il faut prévenir à l'avance pour la dégustation ?"
booking_reservation,fr,2,"On est un couple, on peut juste débarquer pour le café et la balade ?"
booking_reservation,fr,2,"Est-ce que vous avez des créneaux pour les familles avec des personnes âgées ?"
booking_reservation,fr,2,"Je suis un passionné de café, est-ce que je peux réserver une session de cupping ?"
booking_reservation,fr,2,"Salut, c'est possible de visiter la ferme et d'acheter des grains directement ?"
booking_reservation,fr,2,"Est-ce que le déjeuner est inclus dans la réservation ou c'est séparé ?"
booking_reservation,fr,2,"On voudrait venir avec nos deux enfants, est-ce qu'ils peuvent faire le circuit ?"
booking_reservation,fr,2,"Est-ce que vous proposez des visites guidées en français ?"
booking_reservation,fr,2,"Je réserve pour 4 personnes, est-ce qu'il y a un minimum de préavis ?"
booking_reservation,de,2,"Hallo, können wir für morgen Nachmittag eine Besichtigung reservieren?"
booking_reservation,de,2,"Wir sind 6 Leute, geht das spontan ohne Reservierung?"
booking_reservation,de,2,"Hi, können wir heute Nachmittag zur Kaffee-Verkostung vorbeikommen?"
booking_reservation,de,2,"Ist der Kaffeewanderweg für Kinder von 5 und 8 Jahren geeignet?"
booking_reservation,de,2,"Wir sind eine Gruppe von 10, ist das zu groß?"
booking_reservation,de,2,"Guten Tag, ich möchte für Samstag einen Tisch für zwei zum Mittagessen reservieren, mit Verkostung."
booking_reservation,de,2,"Muss man für die Verkostung im Voraus Bescheid geben?"
booking_reservation,de,2,"Wir sind ein Paar, können wir einfach so für Kaffee und Spaziergang vorbeikommen?"
booking_reservation,de,2,"Gibt es Zeiten für Familien mit älteren Leuten?"
booking_reservation,de,2,"Ich bin Kaffee-Enthusiast, kann ich eine Cupping-Sitzung reservieren?"
booking_reservation,de,2,"Hi, ist es möglich, den Hof zu besichtigen und direkt Bohnen zu kaufen?"
booking_reservation,de,2,"Ist das Mittagessen in der Reservierung enthalten oder extra?"
booking_reservation,de,2,"Wir haben zwei Kinder, können sie den Rundweg mitlaufen?"
booking_reservation,de,2,"Gibt es Führungen auf Deutsch?"
booking_reservation,de,2,"Ich reserviere für 4 Personen, wie viel Vorlauf braucht ihr?"
out_of_scope,en,4,"is the hike steep"
out_of_scope,en,4,"what is the weather forecast for tomorrow"
out_of_scope,en,4,"can you recommend a good hotel in town"
out_of_scope,en,4,"where is the nearest ATM"
out_of_scope,en,4,"do you know any good restaurants near here"
out_of_scope,en,4,"is there a hospital nearby"
out_of_scope,en,4,"what time does the bank open"
out_of_scope,en,4,"do you have wifi"
out_of_scope,en,4,"can we visit this afternoon for coffee tasting"
out_of_scope,en,4,"we have two children, can they walk the coffee trail"
out_of_scope,en,4,"do you offer cupping sessions of different roasts"
out_of_scope,en,4,"who won the football match last night"
out_of_scope,en,4,"how do I get to the farm"
out_of_scope,en,4,"what is the altitude of your farm"
out_of_scope,en,4,"can you book a taxi for me"
out_of_scope,es,4,"¿la caminata es empinada?"
out_of_scope,es,4,"¿cuál es el pronóstico del tiempo para mañana?"
out_of_scope,es,4,"¿me pueden recomendar un buen hotel en el pueblo?"
out_of_scope,es,4,"¿dónde hay un cajero automático?"
out_of_scope,es,4,"¿conocen algún restaurante bueno por aquí?"
out_of_scope,es,4,"¿hay un hospital cerca?"
out_of_scope,es,4,"¿a qué hora abre el banco?"
out_of_scope,es,4,"¿tienen wifi?"
out_of_scope,es,4,"hola podemos visitar esta tarde para degustación de café"
out_of_scope,es,4,"tenemos dos niños, ¿pueden caminar por el sendero del café?"
out_of_scope,es,4,"¿ofrecen sesiones de catación de diferentes tuestes?"
out_of_scope,es,4,"¿quién ganó el partido de fútbol anoche?"
out_of_scope,es,4,"¿cómo llego a la finca?"
out_of_scope,es,4,"¿cuál es la altitud de su finca?"
out_of_scope,es,4,"¿me pueden pedir un taxi?"
booking_reservation,it,2,"ciao possiamo venire oggi pomeriggio per un assaggio di caffè"
booking_reservation,it,2,"È necessario prenotare per il tour della piantagione domani?"
booking_reservation,it,2,"Siamo in 6, è possibile prenotare un tavolo per il pranzo di domenica?"
booking_reservation,it,2,"Avete un'esperienza di cupping con diverse varietà di Arabica?"
booking_reservation,it,2,"Il sentiero del caffè è adatto a bambini di 5 e 7 anni?"
booking_reservation,it,2,"Quanto preavviso serve per organizzare una degustazione per 8 persone?"
booking_reservation,it,2,"Il mio gruppo ha due anziani, camminare è faticoso?"
booking_reservation,it,2,"Posso comprare chicchi di caffè direttamente dalla fattoria?"
booking_reservation,it,2,"Vorrei prenotare la visita guidata per venerdì, è possibile?"
booking_reservation,it,2,"Che orari fate per il pranzo e la degustazione?"
booking_reservation,it,2,"Abbiamo un bambino piccolo, ci sono strutture per cambiarlo?"
booking_reservation,it,2,"È possibile visitare il mulino di lavaggio se prenotiamo in anticipo?"
booking_reservation,it,2,"Siamo interessati all'origine unica, quali mesi di raccolta offrite?"
booking_reservation,it,2,"Ciao, vorrei sapere se accettate visite senza prenotazione"
booking_reservation,it,2,"Per un gruppo di 10 persone, è necessario prenotare?"
booking_reservation,it,2,"Che tempo farà domani per la nostra escursione?"
booking_reservation,pt,2,"ola podemos visitar esta tarde para uma prova de café"
booking_reservation,pt,2,"É preciso reservar para o tour da fazenda amanhã?"
booking_reservation,pt,2,"Somos 6 pessoas, dá para reservar um almoço no domingo?"
booking_reservation,pt,2,"Vocês têm uma sessão de cupping com diferentes torras de arábica?"
booking_reservation,pt,2,"A trilha do café é adequada para crianças de 5 e 7 anos?"
booking_reservation,pt,2,"Quanto tempo de antecedência precisamos para uma degustação para 8 pessoas?"
booking_reservation,pt,2,"Meu grupo tem dois idosos, a caminhada é muito difícil?"
booking_reservation,pt,2,"Posso comprar grãos de café direto da fazenda?"
booking_reservation,pt,2,"Gostaria de agendar a visita guiada para sexta, é possível?"
booking_reservation,pt,2,"Quais são os horários do almoço e da degustação?"
booking_reservation,pt,2,"Temos um bebê, há local para trocar fraldas?"
booking_reservation,pt,2,"Dá para visitar o lavador se reservarmos com antecedência?"
booking_reservation,pt,2,"Somos interessados em origem única, quais meses de colheita vocês têm?"
booking_reservation,pt,2,"Oi, queria saber se aceitam visitas sem reserva"
booking_reservation,pt,2,"Para um grupo de 10 pessoas, é necessário fazer reserva?"
booking_reservation,pt,2,"Vocês sabem se vai chover amanhã para a trilha?"
booking_reservation,nl,2,"Hoi, kunnen we vanmiddag langskomen voor een koffieproeverij?"
booking_reservation,nl,2,"Is de wandeling naar de koffieplantage ook geschikt voor kinderen van 6 en 8?"
booking_reservation,nl,2,"We zijn met 8 personen, kunnen jullie ons ontvangen voor de lunch?"
booking_reservation,nl,2,"Moeten we van tevoren reserveren voor de koffietour of kunnen we gewoon binnenlopen?"
booking_reservation,nl,2,"Hoe lang van tevoren moeten we een boeking plaatsen voor het proeven van jullie single-origin arabica?"
booking_reservation,nl,2,"Kunnen we ook losse bonen kopen na de rondleiding?"
booking_reservation,nl,2,"Is er een maximum aantal personen per groep?"
booking_reservation,nl,2,"We hebben twee oudere mensen bij ons, is de route goed beloopbaar voor hen?"
booking_reservation,nl,2,"Bieden jullie ook cupping-sessies aan met verschillende brandingen?"
booking_reservation,nl,2,"Zijn er faciliteiten zoals een café of rustplekken langs het pad?"
booking_reservation,nl,2,"We willen graag een rondleiding boeken voor volgende week dinsdag, is dat mogelijk?"
booking_reservation,nl,2,"Moeten we vooraf betalen of kunnen we ter plaatse betalen?"
booking_reservation,nl,2,"Kunnen we zomaar binnenlopen voor een kop koffie of is reserveren verplicht?"
booking_reservation,nl,2,"Is er parkeergelegenheid voor een busje van 8 personen?"
booking_reservation,nl,2,"Hallo, kunnen we morgenochtend langskomen voor een koffieproeverij en een rondleiding? We zijn met 5 volwassenen en 3 kinderen."
booking_reservation,hi,2,"नमस्ते, क्या हम आज दोपहर कॉफ़ी टेस्टिंग के लिए आ सकते हैं?"
booking_reservation,hi,2,"कॉफ़ी ट्रेल पर चलना छोटे बच्चों के लिए ठीक है?"
booking_reservation,hi,2,"हम 8 लोग हैं, क्या आप हमें लंच के लिए जगह दे सकते हैं?"
booking_reservation,hi,2,"क्या हमें पहले से बुकिंग करनी होगी या सीधे आ सकते हैं?"
booking_reservation,hi,2,"सिंगल-ओरिजिन अरेबिका टेस्टिंग के लिए कितने दिन पहले बुक करना होगा?"
booking_reservation,hi,2,"क्या टूर के बाद कॉफ़ी बीन्स खरीद सकते हैं?"
booking_reservation,hi,2,"क्या समूह के लिए अधिकतम सीमा है?"
booking_reservation,hi,2,"हमारे साथ दो बुज़ुर्ग हैं, क्या रास्ता उनके लिए आसान है?"
booking_reservation,hi,2,"क्या आप अलग-अलग रोस्ट की कपिंग सेशन देते हैं?"
booking_reservation,hi,2,"रास्ते में आराम करने या कैफे जैसी सुविधाएं हैं?"
booking_reservation,hi,2,"हम अगले मंगलवार को टूर बुक करना चाहते हैं, क्या संभव है?"
booking_reservation,hi,2,"क्या हमें पहले पैसे देने होंगे या वहाँ पर दे सकते हैं?"
booking_reservation,hi,2,"क्या हम बिना बुकिंग के कॉफ़ी पीने आ सकते हैं?"
booking_reservation,hi,2,"क्या 8 लोगों की गाड़ी के लिए पार्किंग है?"
booking_reservation,hi,2,"हैलो, क्या हम कल सुबह कॉफ़ी टेस्टिंग और टूर के लिए आ सकते हैं? हम 5 वयस्क और 3 बच्चे हैं।"
out_of_scope,fr,4,"quel temps fera-t-il demain à Ondera"
out_of_scope,fr,4,"y a-t-il un distributeur automatique près du village"
out_of_scope,fr,4,"où puis-je trouver un bon hôtel en ville"
out_of_scope,fr,4,"qui a gagné le match de foot hier soir"
out_of_scope,fr,4,"je peux avoir le numéro d'un médecin"
out_of_scope,fr,4,"est-ce que la pharmacie est ouverte aujourd'hui"
out_of_scope,fr,4,"comment aller à la banque la plus proche"
out_of_scope,fr,4,"il y a un guichet automatique ici"
out_of_scope,fr,4,"je cherche un restaurant qui sert des plats locaux"
out_of_scope,fr,4,"c'est loin de l'aéroport"
out_of_scope,fr,4,"je peux avoir des billets de bus pour le centre-ville"
out_of_scope,fr,4,"où est le bureau de poste"
out_of_scope,fr,4,"il pleut beaucoup cette semaine"
out_of_scope,fr,4,"pouvez-vous m'envoyer les résultats des élections"
out_of_scope,fr,4,"je veux connaître les horaires des trains"
out_of_scope,de,4,"wie wird das Wetter morgen in Ondera"
out_of_scope,de,4,"gibt es hier einen Geldautomaten"
out_of_scope,de,4,"können Sie ein gutes Hotel in der Stadt empfehlen"
out_of_scope,de,4,"wer hat gestern das Fußballspiel gewonnen"
out_of_scope,de,4,"ich brauche einen Arzt"
out_of_scope,de,4,"ist die Apotheke heute geöffnet"
out_of_scope,de,4,"wie komme ich zur nächsten Bank"
out_of_scope,de,4,"gibt es eine Bushaltestelle in der Nähe"
out_of_scope,de,4,"wo kann ich etwas zu essen kaufen"
out_of_scope,de,4,"wie weit ist es zum Flughafen"
out_of_scope,de,4,"können Sie mir eine Fahrkarte nach Ondera besorgen"
out_of_scope,de,4,"wo ist die Post"
out_of_scope,de,4,"wird es diese Woche regnen"
out_of_scope,de,4,"was sind die Wahlergebnisse"
out_of_scope,de,4,"können Sie mich mit dem Krankenhaus verbinden"
out_of_scope,it,4,"che tempo fa domani a Ondera"
out_of_scope,it,4,"dove posso trovare un bancomat qui vicino"
out_of_scope,it,4,"mi sapete consigliare un hotel in paese"
out_of_scope,it,4,"quando gioca la nazionale stasera"
out_of_scope,it,4,"c'è un ospedale o un medico in zona"
out_of_scope,it,4,"come arrivo alla stazione degli autobus per la città"
out_of_scope,it,4,"ci sono voli da Kampala per Entebbe domani"
out_of_scope,it,4,"chi ha vinto la partita di ieri sera"
out_of_scope,it,4,"mi potete dare il numero di un taxi per il centro"
out_of_scope,it,4,"che ore sono adesso in Uganda"
out_of_scope,it,4,"c'è un supermercato qui vicino che vende acqua e snack"
out_of_scope,it,4,"dove posso comprare una scheda SIM locale"
out_of_scope,it,4,"avete informazioni su escursioni alle cascate vicine"
out_of_scope,it,4,"mi potete consigliare un ristorante di cucina locale in paese"
out_of_scope,it,4,"come posso prenotare un safari per il prossimo weekend"
out_of_scope,pt,4,"como está o tempo amanhã em Ondera"
out_of_scope,pt,4,"onde posso encontrar um caixa eletrônico por aqui"
out_of_scope,pt,4,"vocês podem recomendar um hotel na cidade"
out_of_scope,pt,4,"quando é o próximo jogo do time da casa"
out_of_scope,pt,4,"tem algum hospital ou médico por perto"
out_of_scope,pt,4,"como chego à estação de ônibus para a cidade"
out_of_scope,pt,4,"há voos de Kampala para Entebbe amanhã"
out_of_scope,pt,4,"quem ganhou o jogo de ontem"
out_of_scope,pt,4,"podem me dar o número de um táxi para o centro"
out_of_scope,pt,4,"qual é a hora certa agora em Uganda"
out_of_scope,pt,4,"existe um supermercado aqui perto que venda água e lanches"
out_of_scope,pt,4,"onde compro um chip de celular local"
out_of_scope,pt,4,"vocês têm informações sobre trilhas para as cachoeiras próximas"
out_of_scope,pt,4,"recomendam algum restaurante de comida típica na cidade"
out_of_scope,pt,4,"como faço para reservar um safári para o próximo fim de semana"
out_of_scope,nl,4,"Wordt het morgen regenachtig in de bergen?"
out_of_scope,nl,4,"Is er een pinautomaat in het dorp?"
out_of_scope,nl,4,"Kun je een goed hotel in de stad aanraden?"
out_of_scope,nl,4,"Wat is de uitslag van de voetbalwedstrijd gisteren?"
out_of_scope,nl,4,"Hoe laat vertrekt de bus naar het vliegveld?"
out_of_scope,nl,4,"We hebben twee kinderen, is de koffiepad geschikt voor hen?"
out_of_scope,nl,4,"Mijn moeder is 70, kan ze de wandeling naar de waterval aan?"
out_of_scope,nl,4,"Is er een dokter of ziekenhuis in de buurt?"
out_of_scope,nl,4,"Wat is het telefoonnummer van de apotheek?"
out_of_scope,nl,4,"Kun je een goed restaurant in de buurt aanbevelen voor vanavond?"
out_of_scope,nl,4,"We willen graag een bankrekening openen, is dat hier mogelijk?"
out_of_scope,nl,4,"Hoe is het weer in de stad vandaag?"
out_of_scope,nl,4,"Is er een supermarkt open op zondag?"
out_of_scope,nl,4,"Kun je een taxi regelen voor morgenochtend?"
out_of_scope,nl,4,"Ik ben mijn paspoort kwijt, waar kan ik dat melden?"
out_of_scope,hi,4,"कल पहाड़ों में बारिश होगी क्या?"
out_of_scope,hi,4,"गांव में एटीएम है?"
out_of_scope,hi,4,"शहर में कोई अच्छा होटल बता सकते हैं?"
out_of_scope,hi,4,"कल के फुटबॉल मैच का स्कोर क्या रहा?"
out_of_scope,hi,4,"हवाई अड्डे के लिए बस कितने बजे निकलती है?"
out_of_scope,hi,4,"हमारे साथ दो बच्चे हैं, क्या वे कॉफी ट्रेल चल सकते हैं?"
out_of_scope,hi,4,"मेरी माँ 70 साल की हैं, क्या वह झरने तक की पैदल यात्रा कर सकती हैं?"
out_of_scope,hi,4,"आसपास कोई डॉक्टर या अस्पताल है?"
out_of_scope,hi,4,"फार्मेसी का फोन नंबर क्या है?"
out_of_scope,hi,4,"आज रात के लिए आसपास कोई अच्छा रेस्टोरेंट सुझा सकते हैं?"
out_of_scope,hi,4,"हम यहाँ बैंक खाता खोलना चाहते हैं, क्या यह संभव है?"
out_of_scope,hi,4,"आज शहर में मौसम कैसा है?"
out_of_scope,hi,4,"रविवार को कोई सुपरमार्केट खुला है?"
out_of_scope,hi,4,"कल सुबह के लिए टैक्सी बुक कर सकते हैं?"
out_of_scope,hi,4,"मेरा पासपोर्ट खो गया है, मैं इसकी रिपोर्ट कहाँ करूँ?"
